geo,time,na_item,values
DE,1991-01-01,GValueAdd,433105.1
DE,1991-04-01,GValueAdd,428743
DE,1991-07-01,GValueAdd,429938.1
DE,1991-10-01,GValueAdd,435077.1
DE,1992-01-01,GValueAdd,441231.6
DE,1992-04-01,GValueAdd,437885.3
DE,1992-07-01,GValueAdd,437706.1
DE,1992-10-01,GValueAdd,435315.9
DE,1993-01-01,GValueAdd,432910.9
DE,1993-04-01,GValueAdd,432612.2
DE,1993-07-01,GValueAdd,434106
DE,1993-10-01,GValueAdd,433747.5
DE,1994-01-01,GValueAdd,437153.4
DE,1994-04-01,GValueAdd,440200.8
DE,1994-07-01,GValueAdd,443845.7
DE,1994-10-01,GValueAdd,449880.8
DE,1995-01-01,GValueAdd,447416.1
DE,1995-04-01,GValueAdd,451060.9
DE,1995-07-01,GValueAdd,452255.9
DE,1995-10-01,GValueAdd,453450.9
DE,1996-01-01,GValueAdd,448028.4
DE,1996-04-01,GValueAdd,456214.6
DE,1996-07-01,GValueAdd,456632.9
DE,1996-10-01,GValueAdd,461891.1
DE,1997-01-01,GValueAdd,458664.5
DE,1997-04-01,GValueAdd,464580
DE,1997-07-01,GValueAdd,466312.9
DE,1997-10-01,GValueAdd,471989.4
DE,1998-01-01,GValueAdd,474439.3
DE,1998-04-01,GValueAdd,472825.9
DE,1998-07-01,GValueAdd,475574.6
DE,1998-10-01,GValueAdd,474618.6
DE,1999-01-01,GValueAdd,477232.9
DE,1999-04-01,GValueAdd,478427.9
DE,1999-07-01,GValueAdd,483566.5
DE,1999-10-01,GValueAdd,487390.6
DE,2000-01-01,GValueAdd,495532.1
DE,2000-04-01,GValueAdd,498878.3
DE,2000-07-01,GValueAdd,500372.1
DE,2000-10-01,GValueAdd,499535.6
DE,2001-01-01,GValueAdd,510067.1
DE,2001-04-01,GValueAdd,508633
DE,2001-07-01,GValueAdd,508752.5
DE,2001-10-01,GValueAdd,509648.8
DE,2002-01-01,GValueAdd,507602.2
DE,2002-04-01,GValueAdd,509335.1
DE,2002-07-01,GValueAdd,510530.1
DE,2002-10-01,GValueAdd,511665.4
DE,2003-01-01,GValueAdd,504017
DE,2003-04-01,GValueAdd,503359.8
DE,2003-07-01,GValueAdd,508618
DE,2003-10-01,GValueAdd,510231.4
DE,2004-01-01,GValueAdd,509215.6
DE,2004-04-01,GValueAdd,514653.1
DE,2004-07-01,GValueAdd,512382.5
DE,2004-10-01,GValueAdd,512203.2
DE,2005-01-01,GValueAdd,512382.5
DE,2005-04-01,GValueAdd,514473.8
DE,2005-07-01,GValueAdd,517820
DE,2005-10-01,GValueAdd,521763.7
DE,2006-01-01,GValueAdd,526439.1
DE,2006-04-01,GValueAdd,535521.8
DE,2006-07-01,GValueAdd,540660.7
DE,2006-10-01,GValueAdd,548309.3
DE,2007-01-01,GValueAdd,550549.9
DE,2007-04-01,GValueAdd,556345.8
DE,2007-07-01,GValueAdd,559034.6
DE,2007-10-01,GValueAdd,563635.5
DE,2008-01-01,GValueAdd,567086.1
DE,2008-04-01,GValueAdd,566130.1
DE,2008-07-01,GValueAdd,561708.6
DE,2008-10-01,GValueAdd,551431.6
DE,2009-01-01,GValueAdd,524347.9
DE,2009-04-01,GValueAdd,524646.8
DE,2009-07-01,GValueAdd,527933.2
DE,2009-10-01,GValueAdd,531100.2
DE,2010-01-01,GValueAdd,539092.1
DE,2010-04-01,GValueAdd,548114.8
DE,2010-07-01,GValueAdd,552715.8
DE,2010-10-01,GValueAdd,556719.2
DE,2011-01-01,GValueAdd,568834.2
DE,2011-04-01,GValueAdd,568415.9
DE,2011-07-01,GValueAdd,574152.1
DE,2011-10-01,GValueAdd,572120.6
DE,2012-01-01,GValueAdd,574047.6
DE,2012-04-01,GValueAdd,575720.7
DE,2012-07-01,GValueAdd,576975.5
DE,2012-10-01,GValueAdd,573450.1
DE,2013-01-01,GValueAdd,572613.6
DE,2013-04-01,GValueAdd,577274.3
DE,2013-07-01,GValueAdd,580441.2
DE,2013-10-01,GValueAdd,583548.4
DE,2014-01-01,GValueAdd,590076.3
DE,2014-04-01,GValueAdd,588164.2
DE,2014-07-01,GValueAdd,591689.7
DE,2014-10-01,GValueAdd,595872.6
DE,2015-01-01,GValueAdd,592705.4
DE,2015-04-01,GValueAdd,596529.7
DE,2015-07-01,GValueAdd,598680.9
DE,2015-10-01,GValueAdd,599935.7
DE,2016-01-01,GValueAdd,606194.8
DE,2016-04-01,GValueAdd,609361.7
DE,2016-07-01,GValueAdd,610855.5
DE,2016-10-01,GValueAdd,612946.9
DE,2017-01-01,GValueAdd,620102.5
DE,2017-04-01,GValueAdd,626137.5
DE,2017-07-01,GValueAdd,631873.6
DE,2017-10-01,GValueAdd,637609.7
DE,2018-01-01,GValueAdd,633188.3
DE,2018-04-01,GValueAdd,637072.1
DE,2018-07-01,GValueAdd,632053
DE,2018-10-01,GValueAdd,637669.6
DE,2019-01-01,GValueAdd,640971.1
DE,2019-04-01,GValueAdd,639895.5
DE,2019-07-01,GValueAdd,639776
DE,2019-10-01,GValueAdd,641927.1
DE,2020-01-01,GValueAdd,632008.1
DE,2020-04-01,GValueAdd,569625.9
DE,2020-07-01,GValueAdd,622208.6
DE,2020-10-01,GValueAdd,624598.7
DE,2021-01-01,GValueAdd,620714.8
DE,2021-04-01,GValueAdd,631769.1
DE,2021-07-01,GValueAdd,638102.9
DE,2021-10-01,GValueAdd,637326.1
DE,2022-01-01,GValueAdd,640463
DE,2022-04-01,GValueAdd,642494.7
DE,2022-07-01,GValueAdd,646916.7
DE,2022-10-01,GValueAdd,643271.6
DE,2023-01-01,GValueAdd,645885.8
DE,2023-04-01,GValueAdd,645407.7
DE,2023-07-01,GValueAdd,646304.1
DE,2023-10-01,GValueAdd,643196.8
DE,2024-01-01,GValueAdd,645049.2
DE,1991-01-01,GValueAddIndus,126444.4
DE,1991-04-01,GValueAddIndus,124281.9
DE,1991-07-01,GValueAddIndus,122667.9
DE,1991-10-01,GValueAddIndus,123576.8
DE,1992-01-01,GValueAddIndus,123831.5
DE,1992-04-01,GValueAddIndus,120885.4
DE,1992-07-01,GValueAddIndus,118503.4
DE,1992-10-01,GValueAddIndus,115322.2
DE,1993-01-01,GValueAddIndus,112803.4
DE,1993-04-01,GValueAddIndus,111032.6
DE,1993-07-01,GValueAddIndus,111001.2
DE,1993-10-01,GValueAddIndus,111690.8
DE,1994-01-01,GValueAddIndus,112423.3
DE,1994-04-01,GValueAddIndus,113504.6
DE,1994-07-01,GValueAddIndus,113990.4
DE,1994-10-01,GValueAddIndus,116936.5
DE,1995-01-01,GValueAddIndus,114456.6
DE,1995-04-01,GValueAddIndus,114926.7
DE,1995-07-01,GValueAddIndus,114268.5
DE,1995-10-01,GValueAddIndus,113688.7
DE,1996-01-01,GValueAddIndus,110703.4
DE,1996-04-01,GValueAddIndus,111910.1
DE,1996-07-01,GValueAddIndus,112019.8
DE,1996-10-01,GValueAddIndus,113179.5
DE,1997-01-01,GValueAddIndus,113602.4
DE,1997-04-01,GValueAddIndus,115028.5
DE,1997-07-01,GValueAddIndus,115639.7
DE,1997-10-01,GValueAddIndus,117974.7
DE,1998-01-01,GValueAddIndus,117328.2
DE,1998-04-01,GValueAddIndus,116591.7
DE,1998-07-01,GValueAddIndus,116309.6
DE,1998-10-01,GValueAddIndus,114225.4
DE,1999-01-01,GValueAddIndus,115526
DE,1999-04-01,GValueAddIndus,115432
DE,1999-07-01,GValueAddIndus,116936.4
DE,1999-10-01,GValueAddIndus,118487.9
DE,2000-01-01,GValueAddIndus,122248.6
DE,2000-04-01,GValueAddIndus,124364.2
DE,2000-07-01,GValueAddIndus,125837.3
DE,2000-10-01,GValueAddIndus,125194.7
DE,2001-01-01,GValueAddIndus,127823.4
DE,2001-04-01,GValueAddIndus,125896
DE,2001-07-01,GValueAddIndus,125222.1
DE,2001-10-01,GValueAddIndus,123874.5
DE,2002-01-01,GValueAddIndus,122291.8
DE,2002-04-01,GValueAddIndus,123482.7
DE,2002-07-01,GValueAddIndus,124297.6
DE,2002-10-01,GValueAddIndus,124501.3
DE,2003-01-01,GValueAddIndus,124019.4
DE,2003-04-01,GValueAddIndus,123329.9
DE,2003-07-01,GValueAddIndus,124097.8
DE,2003-10-01,GValueAddIndus,126150.7
DE,2004-01-01,GValueAddIndus,126346.5
DE,2004-04-01,GValueAddIndus,129214.1
DE,2004-07-01,GValueAddIndus,128603
DE,2004-10-01,GValueAddIndus,127866.5
DE,2005-01-01,GValueAddIndus,128626.5
DE,2005-04-01,GValueAddIndus,129269
DE,2005-07-01,GValueAddIndus,130444.3
DE,2005-10-01,GValueAddIndus,132544.2
DE,2006-01-01,GValueAddIndus,134957.3
DE,2006-04-01,GValueAddIndus,138138.5
DE,2006-07-01,GValueAddIndus,140113
DE,2006-10-01,GValueAddIndus,141664.4
DE,2007-01-01,GValueAddIndus,142326.5
DE,2007-04-01,GValueAddIndus,144708.3
DE,2007-07-01,GValueAddIndus,146369.3
DE,2007-10-01,GValueAddIndus,147873.5
DE,2008-01-01,GValueAddIndus,146212.4
DE,2008-04-01,GValueAddIndus,146055.7
DE,2008-07-01,GValueAddIndus,143125.5
DE,2008-10-01,GValueAddIndus,134507.3
DE,2009-01-01,GValueAddIndus,118675.8
DE,2009-04-01,GValueAddIndus,118519.1
DE,2009-07-01,GValueAddIndus,122264.4
DE,2009-10-01,GValueAddIndus,123815.8
DE,2010-01-01,GValueAddIndus,134361.7
DE,2010-04-01,GValueAddIndus,138875
DE,2010-07-01,GValueAddIndus,141115.9
DE,2010-10-01,GValueAddIndus,145378.3
DE,2011-01-01,GValueAddIndus,146545.7
DE,2011-04-01,GValueAddIndus,146624
DE,2011-07-01,GValueAddIndus,149084.2
DE,2011-10-01,GValueAddIndus,148112.7
DE,2012-01-01,GValueAddIndus,148496.6
DE,2012-04-01,GValueAddIndus,149013.7
DE,2012-07-01,GValueAddIndus,149483.9
DE,2012-10-01,GValueAddIndus,146522.1
DE,2013-01-01,GValueAddIndus,146263.6
DE,2013-04-01,GValueAddIndus,147548.6
DE,2013-07-01,GValueAddIndus,148316.4
DE,2013-10-01,GValueAddIndus,150682.6
DE,2014-01-01,GValueAddIndus,154290.7
DE,2014-04-01,GValueAddIndus,153507.2
DE,2014-07-01,GValueAddIndus,154666.8
DE,2014-10-01,GValueAddIndus,156907.7
DE,2015-01-01,GValueAddIndus,154768.6
DE,2015-04-01,GValueAddIndus,156508.1
DE,2015-07-01,GValueAddIndus,157338.7
DE,2015-10-01,GValueAddIndus,156790.2
DE,2016-01-01,GValueAddIndus,162345.3
DE,2016-04-01,GValueAddIndus,162486.4
DE,2016-07-01,GValueAddIndus,163755.7
DE,2016-10-01,GValueAddIndus,163614.6
DE,2017-01-01,GValueAddIndus,166251.1
DE,2017-04-01,GValueAddIndus,168930.8
DE,2017-07-01,GValueAddIndus,172644.7
DE,2017-10-01,GValueAddIndus,174744.6
DE,2018-01-01,GValueAddIndus,172468.4
DE,2018-04-01,GValueAddIndus,172844.5
DE,2018-07-01,GValueAddIndus,171543.8
DE,2018-10-01,GValueAddIndus,171011
DE,2019-01-01,GValueAddIndus,172593.8
DE,2019-04-01,GValueAddIndus,170650.6
DE,2019-07-01,GValueAddIndus,169381.3
DE,2019-10-01,GValueAddIndus,169240.3
DE,2020-01-01,GValueAddIndus,164382.5
DE,2020-04-01,GValueAddIndus,138275.6
DE,2020-07-01,GValueAddIndus,159117.2
DE,2020-10-01,GValueAddIndus,166733
DE,2021-01-01,GValueAddIndus,167959.2
DE,2021-04-01,GValueAddIndus,169400.9
DE,2021-07-01,GValueAddIndus,167551.8
DE,2021-10-01,GValueAddIndus,169526.3
DE,2022-01-01,GValueAddIndus,167113
DE,2022-04-01,GValueAddIndus,168162.9
DE,2022-07-01,GValueAddIndus,168789.8
DE,2022-10-01,GValueAddIndus,167786.8
DE,2023-01-01,GValueAddIndus,168484.1
DE,2023-04-01,GValueAddIndus,167481.3
DE,2023-07-01,GValueAddIndus,164942.7
DE,2023-10-01,GValueAddIndus,163845.8
DE,2024-01-01,GValueAddIndus,163203.3
DE,1991-01-01,Export,101303.4
DE,1991-04-01,Export,95439.9
DE,1991-07-01,Export,100077.7
DE,1991-10-01,Export,100409
DE,1992-01-01,Export,101352.8
DE,1992-04-01,Export,96649.5
DE,1992-07-01,Export,99365.5
DE,1992-10-01,Export,94860.9
DE,1993-01-01,Export,92964.6
DE,1993-04-01,Export,91076.8
DE,1993-07-01,Export,91408
DE,1993-10-01,Export,93196.5
DE,1994-01-01,Export,96094.4
DE,1994-04-01,Export,100765
DE,1994-07-01,Export,100334.4
DE,1994-10-01,Export,100963.7
DE,1995-01-01,Export,104805.6
DE,1995-04-01,Export,105832.5
DE,1995-07-01,Export,106627.5
DE,1995-10-01,Export,108349.9
DE,1996-01-01,Export,109757.7
DE,1996-04-01,Export,110287.6
DE,1996-07-01,Export,113135.9
DE,1996-10-01,Export,118170
DE,1997-01-01,Export,120249.7
DE,1997-04-01,Export,123991.9
DE,1997-07-01,Export,130615.5
DE,1997-10-01,Export,132370.7
DE,1998-01-01,Export,135344.1
DE,1998-04-01,Export,137662.7
DE,1998-07-01,Export,136238.4
DE,1998-10-01,Export,133952.9
DE,1999-01-01,Export,134764.9
DE,1999-04-01,Export,141852.6
DE,1999-07-01,Export,145131.4
DE,1999-10-01,Export,148178.5
DE,2000-01-01,Export,155234.1
DE,2000-04-01,Export,160963.9
DE,2000-07-01,Export,163812.3
DE,2000-10-01,Export,172522.9
DE,2001-01-01,Export,172101
DE,2001-04-01,Export,172829.7
DE,2001-07-01,Export,172564.7
DE,2001-10-01,Export,174684.5
DE,2002-01-01,Export,173963.8
DE,2002-04-01,Export,179429.2
DE,2002-07-01,Export,182410.3
DE,2002-10-01,Export,185689.5
DE,2003-01-01,Export,180149.6
DE,2003-04-01,Export,179652.8
DE,2003-07-01,Export,185117.9
DE,2003-10-01,Export,189556.2
DE,2004-01-01,Export,197646
DE,2004-04-01,Export,206324.3
DE,2004-07-01,Export,202879.5
DE,2004-10-01,Export,203873.2
DE,2005-01-01,Export,208932.5
DE,2005-04-01,Export,212542.8
DE,2005-07-01,Export,221253.8
DE,2005-10-01,Export,224797.9
DE,2006-01-01,Export,232250.3
DE,2006-04-01,Export,239338.4
DE,2006-07-01,Export,246393.3
DE,2006-10-01,Export,260867.5
DE,2007-01-01,Export,259045.8
DE,2007-04-01,Export,265570.8
DE,2007-07-01,Export,270969.7
DE,2007-10-01,Export,273785.1
DE,2008-01-01,Export,276351.7
DE,2008-04-01,Export,275424.3
DE,2008-07-01,Export,273105.9
DE,2008-10-01,Export,258069.5
DE,2009-01-01,Export,227919.4
DE,2009-04-01,Export,226130.8
DE,2009-07-01,Export,233649.7
DE,2009-10-01,Export,240704.9
DE,2010-01-01,Export,247792.2
DE,2010-04-01,Export,265479.8
DE,2010-07-01,Export,269686.4
DE,2010-10-01,Export,275747.9
DE,2011-01-01,Export,282827.3
DE,2011-04-01,Export,286934.4
DE,2011-07-01,Export,290047.9
DE,2011-10-01,Export,289186.7
DE,2012-01-01,Export,294809.2
DE,2012-04-01,Export,297591.4
DE,2012-07-01,Export,301168.4
DE,2012-10-01,Export,296399
DE,2013-01-01,Export,295836
DE,2013-04-01,Export,297392.7
DE,2013-07-01,Export,302659
DE,2013-10-01,Export,308190.2
DE,2014-01-01,Export,308455.5
DE,2014-04-01,Export,311204.5
DE,2014-07-01,Export,317265.7
DE,2014-10-01,Export,323525.6
DE,2015-01-01,Export,326026.3
DE,2015-04-01,Export,332352.8
DE,2015-07-01,Export,332452.1
DE,2015-10-01,Export,331127.2
DE,2016-01-01,Export,334422.9
DE,2016-04-01,Export,338828
DE,2016-07-01,Export,338231.8
DE,2016-10-01,Export,340715.9
DE,2017-01-01,Export,348615.4
DE,2017-04-01,Export,355438.6
DE,2017-07-01,Export,359413.3
DE,2017-10-01,Export,363951.1
DE,2018-01-01,Export,365433.2
DE,2018-04-01,Export,367453.6
DE,2018-07-01,Export,364008.9
DE,2018-10-01,Export,364704.5
DE,2019-01-01,Export,376123.2
DE,2019-04-01,Export,371585.6
DE,2019-07-01,Export,375162.7
DE,2019-10-01,Export,372347.4
DE,2020-01-01,Export,361898.1
DE,2020-04-01,Export,288862.6
DE,2020-07-01,Export,338877.8
DE,2020-10-01,Export,355571.6
DE,2021-01-01,Export,361450.4
DE,2021-04-01,Export,366385.5
DE,2021-07-01,Export,364895
DE,2021-10-01,Export,380130.7
DE,2022-01-01,Export,375502.2
DE,2022-04-01,Export,380139.2
DE,2022-07-01,Export,384975
DE,2022-10-01,Export,383054
DE,2023-01-01,Export,384834.2
DE,2023-04-01,Export,382184.5
DE,2023-07-01,Export,378640.5
DE,2023-10-01,Export,375394.7
DE,2024-01-01,Export,379468.6
DE,1991-01-01,Import,94569.4
DE,1991-04-01,Import,95074.7
DE,1991-07-01,Import,96085.2
DE,1991-10-01,Import,96113.3
DE,1992-01-01,Import,99474.3
DE,1992-04-01,Import,96779.7
DE,1992-07-01,Import,96499
DE,1992-10-01,Import,97790.1
DE,1993-01-01,Import,89868.4
DE,1993-04-01,Import,90542
DE,1993-07-01,Import,91861.1
DE,1993-10-01,Import,92029.5
DE,1994-01-01,Import,93875.2
DE,1994-04-01,Import,98084.9
DE,1994-07-01,Import,100301.9
DE,1994-10-01,Import,102126.1
DE,1995-01-01,Import,102757.7
DE,1995-04-01,Import,105761
DE,1995-07-01,Import,106659.1
DE,1995-10-01,Import,107669.6
DE,1996-01-01,Import,108076.6
DE,1996-04-01,Import,108918.5
DE,1996-07-01,Import,109844.6
DE,1996-10-01,Import,113970.1
DE,1997-01-01,Import,117345.3
DE,1997-04-01,Import,118327.7
DE,1997-07-01,Import,122257
DE,1997-10-01,Import,123856.7
DE,1998-01-01,Import,128599.9
DE,1998-04-01,Import,131631.1
DE,1998-07-01,Import,132473.1
DE,1998-10-01,Import,132052.1
DE,1999-01-01,Import,137658.6
DE,1999-04-01,Import,141699.9
DE,1999-07-01,Import,145180
DE,1999-10-01,Import,145348.4
DE,2000-01-01,Import,150407.5
DE,2000-04-01,Import,155094.6
DE,2000-07-01,Import,160146.5
DE,2000-10-01,Import,168538.3
DE,2001-01-01,Import,162216.3
DE,2001-04-01,Import,162525
DE,2001-07-01,Import,159157.2
DE,2001-10-01,Import,157641.7
DE,2002-01-01,Import,152140.8
DE,2002-04-01,Import,155789.2
DE,2002-07-01,Import,156687.3
DE,2002-10-01,Import,160391.9
DE,2003-01-01,Import,164131.9
DE,2003-04-01,Import,162616.3
DE,2003-07-01,Import,163963.5
DE,2003-10-01,Import,169324.2
DE,2004-01-01,Import,171759.1
DE,2004-04-01,Import,175239.2
DE,2004-07-01,Import,179000
DE,2004-10-01,Import,179757.7
DE,2005-01-01,Import,176671
DE,2005-04-01,Import,185258.9
DE,2005-07-01,Import,189945.8
DE,2005-10-01,Import,197860.3
DE,2006-01-01,Import,202891.5
DE,2006-04-01,Import,206006.9
DE,2006-07-01,Import,210020.4
DE,2006-10-01,Import,217233.4
DE,2007-01-01,Import,219296.5
DE,2007-04-01,Import,220250.7
DE,2007-07-01,Import,225077.8
DE,2007-10-01,Import,225751.4
DE,2008-01-01,Import,228284.5
DE,2008-04-01,Import,225898.9
DE,2008-07-01,Import,230024.6
DE,2008-10-01,Import,222615.3
DE,2009-01-01,Import,209402.9
DE,2009-04-01,Import,198625.5
DE,2009-07-01,Import,205950.8
DE,2009-10-01,Import,204715.9
DE,2010-01-01,Import,218103.5
DE,2010-04-01,Import,233904.8
DE,2010-07-01,Import,233399.6
DE,2010-10-01,Import,236711.5
DE,2011-01-01,Import,243545.8
DE,2011-04-01,Import,249692
DE,2011-07-01,Import,249776.2
DE,2011-10-01,Import,247783.6
DE,2012-01-01,Import,248576.5
DE,2012-04-01,Import,249165.9
DE,2012-07-01,Import,249923.7
DE,2012-10-01,Import,248520.4
DE,2013-01-01,Import,250386.6
DE,2013-04-01,Import,254821.2
DE,2013-07-01,Import,259396.2
DE,2013-10-01,Import,259508.4
DE,2014-01-01,Import,260574.7
DE,2014-04-01,Import,264897
DE,2014-07-01,Import,266861.7
DE,2014-10-01,Import,271436.7
DE,2015-01-01,Import,276811.3
DE,2015-04-01,Import,278383
DE,2015-07-01,Import,281750.9
DE,2015-10-01,Import,283715.5
DE,2016-01-01,Import,290100.6
DE,2016-04-01,Import,289286.6
DE,2016-07-01,Import,291728.5
DE,2016-10-01,Import,298661
DE,2017-01-01,Import,301706.3
DE,2017-04-01,Import,309059.5
DE,2017-07-01,Import,310434.7
DE,2017-10-01,Import,315458.4
DE,2018-01-01,Import,316153
DE,2018-04-01,Import,318510.7
DE,2018-07-01,Import,325836.3
DE,2018-10-01,Import,327155.5
DE,2019-01-01,Import,333652.6
DE,2019-04-01,Import,330986.3
DE,2019-07-01,Import,332698.3
DE,2019-10-01,Import,333764.9
DE,2020-01-01,Import,330593.4
DE,2020-04-01,Import,273225.8
DE,2020-07-01,Import,299664.2
DE,2020-10-01,Import,309122.6
DE,2021-01-01,Import,322292.6
DE,2021-04-01,Import,326614.9
DE,2021-07-01,Import,326053.5
DE,2021-10-01,Import,343904.1
DE,2022-01-01,Import,344072
DE,2022-04-01,Import,351874.7
DE,2022-07-01,Import,359424.6
DE,2022-10-01,Import,352828.9
DE,2023-01-01,Import,348892.6
DE,2023-04-01,Import,349482
DE,2023-07-01,Import,343139
DE,2023-10-01,Import,337694.1
DE,2024-01-01,Import,339771
DE,1991-01-01,GCapitalForm,119932.9
DE,1991-04-01,GCapitalForm,120951.2
DE,1991-07-01,GCapitalForm,118201.7
DE,1991-10-01,GCapitalForm,118239.9
DE,1992-01-01,GCapitalForm,123559.5
DE,1992-04-01,GCapitalForm,121536.1
DE,1992-07-01,GCapitalForm,115732.9
DE,1992-10-01,GCapitalForm,113124
DE,1993-01-01,GCapitalForm,109991.9
DE,1993-04-01,GCapitalForm,112778.9
DE,1993-07-01,GCapitalForm,114382.4
DE,1993-10-01,GCapitalForm,110017.4
DE,1994-01-01,GCapitalForm,113066.2
DE,1994-04-01,GCapitalForm,115178.9
DE,1994-07-01,GCapitalForm,117889.7
DE,1994-10-01,GCapitalForm,121936.9
DE,1995-01-01,GCapitalForm,118809.5
DE,1995-04-01,GCapitalForm,119191.4
DE,1995-07-01,GCapitalForm,118885.9
DE,1995-10-01,GCapitalForm,116874.8
DE,1996-01-01,GCapitalForm,110873.6
DE,1996-04-01,GCapitalForm,115442.4
DE,1996-07-01,GCapitalForm,113329.8
DE,1996-10-01,GCapitalForm,115824.2
DE,1997-01-01,GCapitalForm,113529.4
DE,1997-04-01,GCapitalForm,115757.7
DE,1997-07-01,GCapitalForm,115897.8
DE,1997-10-01,GCapitalForm,118431.7
DE,1998-01-01,GCapitalForm,121011.5
DE,1998-04-01,GCapitalForm,120018.9
DE,1998-07-01,GCapitalForm,121647.8
DE,1998-10-01,GCapitalForm,119751.7
DE,1999-01-01,GCapitalForm,125081.8
DE,1999-04-01,GCapitalForm,122065.1
DE,1999-07-01,GCapitalForm,127551.1
DE,1999-10-01,GCapitalForm,127754.7
DE,2000-01-01,GCapitalForm,128515
DE,2000-04-01,GCapitalForm,129546.2
DE,2000-07-01,GCapitalForm,132194.5
DE,2000-10-01,GCapitalForm,131761.6
DE,2001-01-01,GCapitalForm,130232.8
DE,2001-04-01,GCapitalForm,131276.2
DE,2001-07-01,GCapitalForm,126771.8
DE,2001-10-01,GCapitalForm,122191.1
DE,2002-01-01,GCapitalForm,117708.5
DE,2002-04-01,GCapitalForm,120457.1
DE,2002-07-01,GCapitalForm,118026.6
DE,2002-10-01,GCapitalForm,115125.3
DE,2003-01-01,GCapitalForm,118134.9
DE,2003-04-01,GCapitalForm,117931.3
DE,2003-07-01,GCapitalForm,115474.4
DE,2003-10-01,GCapitalForm,117600.3
DE,2004-01-01,GCapitalForm,112069.6
DE,2004-04-01,GCapitalForm,110185.9
DE,2004-07-01,GCapitalForm,116142.5
DE,2004-10-01,GCapitalForm,113838.8
DE,2005-01-01,GCapitalForm,104171.3
DE,2005-04-01,GCapitalForm,110968.5
DE,2005-07-01,GCapitalForm,112050.4
DE,2005-10-01,GCapitalForm,117752.8
DE,2006-01-01,GCapitalForm,118868.9
DE,2006-04-01,GCapitalForm,123898.7
DE,2006-07-01,GCapitalForm,124420.7
DE,2006-10-01,GCapitalForm,120511.5
DE,2007-01-01,GCapitalForm,132470.7
DE,2007-04-01,GCapitalForm,127914.2
DE,2007-07-01,GCapitalForm,129797.9
DE,2007-10-01,GCapitalForm,130574.3
DE,2008-01-01,GCapitalForm,134238.1
DE,2008-04-01,GCapitalForm,128635.8
DE,2008-07-01,GCapitalForm,131424.2
DE,2008-10-01,GCapitalForm,127871.9
DE,2009-01-01,GCapitalForm,111477.1
DE,2009-04-01,GCapitalForm,104413.6
DE,2009-07-01,GCapitalForm,110013.5
DE,2009-10-01,GCapitalForm,107073.5
DE,2010-01-01,GCapitalForm,115253.6
DE,2010-04-01,GCapitalForm,124606.7
DE,2010-07-01,GCapitalForm,122939.7
DE,2010-10-01,GCapitalForm,123143.3
DE,2011-01-01,GCapitalForm,132852.9
DE,2011-04-01,GCapitalForm,135856.3
DE,2011-07-01,GCapitalForm,134621.9
DE,2011-10-01,GCapitalForm,129531.2
DE,2012-01-01,GCapitalForm,124833.8
DE,2012-04-01,GCapitalForm,122122.3
DE,2012-07-01,GCapitalForm,120454.6
DE,2012-10-01,GCapitalForm,120174.5
DE,2013-01-01,GCapitalForm,119367.3
DE,2013-04-01,GCapitalForm,127627.2
DE,2013-07-01,GCapitalForm,128569
DE,2013-10-01,GCapitalForm,125870.9
DE,2014-01-01,GCapitalForm,131020
DE,2014-04-01,GCapitalForm,131962
DE,2014-07-01,GCapitalForm,127430
DE,2014-10-01,GCapitalForm,128499.4
DE,2015-01-01,GCapitalForm,127137.4
DE,2015-04-01,GCapitalForm,124630.3
DE,2015-07-01,GCapitalForm,126539.3
DE,2015-10-01,GCapitalForm,129224.6
DE,2016-01-01,GCapitalForm,132731.9
DE,2016-04-01,GCapitalForm,129358.6
DE,2016-07-01,GCapitalForm,131344.4
DE,2016-10-01,GCapitalForm,135048.7
DE,2017-01-01,GCapitalForm,137620.3
DE,2017-04-01,GCapitalForm,142265.8
DE,2017-07-01,GCapitalForm,141693.1
DE,2017-10-01,GCapitalForm,144060.4
DE,2018-01-01,GCapitalForm,139389.4
DE,2018-04-01,GCapitalForm,144099
DE,2018-07-01,GCapitalForm,148337.5
DE,2018-10-01,GCapitalForm,150068.6
DE,2019-01-01,GCapitalForm,146148.2
DE,2019-04-01,GCapitalForm,147140.8
DE,2019-07-01,GCapitalForm,142432.1
DE,2019-10-01,GCapitalForm,146924.5
DE,2020-01-01,GCapitalForm,148985.7
DE,2020-04-01,GCapitalForm,140114.7
DE,2020-07-01,GCapitalForm,133598.4
DE,2020-10-01,GCapitalForm,138472.9
DE,2021-01-01,GCapitalForm,151115.7
DE,2021-04-01,GCapitalForm,150797.5
DE,2021-07-01,GCapitalForm,139952.6
DE,2021-10-01,GCapitalForm,141441.8
DE,2022-01-01,GCapitalForm,149024.8
DE,2022-04-01,GCapitalForm,151239.9
DE,2022-07-01,GCapitalForm,152945.8
DE,2022-10-01,GCapitalForm,150272.4
DE,2023-01-01,GCapitalForm,150857.9
DE,2023-04-01,GCapitalForm,152130.8
DE,2023-07-01,GCapitalForm,148783.2
DE,2023-10-01,GCapitalForm,141769.8
DE,2024-01-01,GCapitalForm,143386.3
DE,1991-01-01,FinConsExpHH,276649.4
DE,1991-04-01,FinConsExpHH,279225
DE,1991-07-01,FinConsExpHH,274320.7
DE,1991-10-01,FinConsExpHH,279824.8
DE,1992-01-01,FinConsExpHH,282912.1
DE,1992-04-01,FinConsExpHH,282453.4
DE,1992-07-01,FinConsExpHH,282947.4
DE,1992-10-01,FinConsExpHH,291274.6
DE,1993-01-01,FinConsExpHH,283185.6
DE,1993-04-01,FinConsExpHH,283326.8
DE,1993-07-01,FinConsExpHH,285973
DE,1993-10-01,FinConsExpHH,289113.2
DE,1994-01-01,FinConsExpHH,288469.3
DE,1994-04-01,FinConsExpHH,286246.6
DE,1994-07-01,FinConsExpHH,289774.8
DE,1994-10-01,FinConsExpHH,292279.9
DE,1995-01-01,FinConsExpHH,291168.4
DE,1995-04-01,FinConsExpHH,294908.6
DE,1995-07-01,FinConsExpHH,294732.2
DE,1995-10-01,FinConsExpHH,295332
DE,1996-01-01,FinConsExpHH,297096.1
DE,1996-04-01,FinConsExpHH,298542.8
DE,1996-07-01,FinConsExpHH,299036.7
DE,1996-10-01,FinConsExpHH,299495.5
DE,1997-01-01,FinConsExpHH,300395.2
DE,1997-04-01,FinConsExpHH,301242
DE,1997-07-01,FinConsExpHH,300007.1
DE,1997-10-01,FinConsExpHH,303111.9
DE,1998-01-01,FinConsExpHH,303791.2
DE,1998-04-01,FinConsExpHH,302732.7
DE,1998-07-01,FinConsExpHH,306049.3
DE,1998-10-01,FinConsExpHH,308342.8
DE,1999-01-01,FinConsExpHH,311827
DE,1999-04-01,FinConsExpHH,312638.5
DE,1999-07-01,FinConsExpHH,312250.5
DE,1999-10-01,FinConsExpHH,314438
DE,2000-01-01,FinConsExpHH,316943.2
DE,2000-04-01,FinConsExpHH,319836.4
DE,2000-07-01,FinConsExpHH,319201.3
DE,2000-10-01,FinConsExpHH,316907.9
DE,2001-01-01,FinConsExpHH,323382.4
DE,2001-04-01,FinConsExpHH,321865.2
DE,2001-07-01,FinConsExpHH,322288.6
DE,2001-10-01,FinConsExpHH,321653.5
DE,2002-01-01,FinConsExpHH,318178
DE,2002-04-01,FinConsExpHH,315496.6
DE,2002-07-01,FinConsExpHH,318178
DE,2002-10-01,FinConsExpHH,319977.5
DE,2003-01-01,FinConsExpHH,318857.2
DE,2003-04-01,FinConsExpHH,318469.2
DE,2003-07-01,FinConsExpHH,319986.3
DE,2003-10-01,FinConsExpHH,320127.5
DE,2004-01-01,FinConsExpHH,320224.5
DE,2004-04-01,FinConsExpHH,319801.1
DE,2004-07-01,FinConsExpHH,319271.9
DE,2004-10-01,FinConsExpHH,321741.7
DE,2005-01-01,FinConsExpHH,323170.7
DE,2005-04-01,FinConsExpHH,322712
DE,2005-07-01,FinConsExpHH,322782.5
DE,2005-10-01,FinConsExpHH,324052.8
DE,2006-01-01,FinConsExpHH,325587.7
DE,2006-04-01,FinConsExpHH,326681.4
DE,2006-07-01,FinConsExpHH,327069.5
DE,2006-10-01,FinConsExpHH,332361.9
DE,2007-01-01,FinConsExpHH,323999.9
DE,2007-04-01,FinConsExpHH,327669.3
DE,2007-07-01,FinConsExpHH,328551.4
DE,2007-10-01,FinConsExpHH,328586.7
DE,2008-01-01,FinConsExpHH,327175.4
DE,2008-04-01,FinConsExpHH,327669.3
DE,2008-07-01,FinConsExpHH,328022.2
DE,2008-10-01,FinConsExpHH,328269.1
DE,2009-01-01,FinConsExpHH,331171.2
DE,2009-04-01,FinConsExpHH,329301.2
DE,2009-07-01,FinConsExpHH,326161
DE,2009-10-01,FinConsExpHH,324926.1
DE,2010-01-01,FinConsExpHH,326654.9
DE,2010-04-01,FinConsExpHH,329724.6
DE,2010-07-01,FinConsExpHH,330571.4
DE,2010-10-01,FinConsExpHH,332335.6
DE,2011-01-01,FinConsExpHH,334355.5
DE,2011-04-01,FinConsExpHH,333579.3
DE,2011-07-01,FinConsExpHH,337390
DE,2011-10-01,FinConsExpHH,338519.1
DE,2012-01-01,FinConsExpHH,339780.4
DE,2012-04-01,FinConsExpHH,341085.9
DE,2012-07-01,FinConsExpHH,341544.6
DE,2012-10-01,FinConsExpHH,341932.7
DE,2013-01-01,FinConsExpHH,341412.2
DE,2013-04-01,FinConsExpHH,342964.7
DE,2013-07-01,FinConsExpHH,343988
DE,2013-10-01,FinConsExpHH,343141.2
DE,2014-01-01,FinConsExpHH,344473.1
DE,2014-04-01,FinConsExpHH,344649.5
DE,2014-07-01,FinConsExpHH,347436.9
DE,2014-10-01,FinConsExpHH,349624.5
DE,2015-01-01,FinConsExpHH,349739.1
DE,2015-04-01,FinConsExpHH,351962
DE,2015-07-01,FinConsExpHH,354326.1
DE,2015-10-01,FinConsExpHH,355596.3
DE,2016-01-01,FinConsExpHH,358965.9
DE,2016-04-01,FinConsExpHH,359565.7
DE,2016-07-01,FinConsExpHH,361118.1
DE,2016-10-01,FinConsExpHH,363376.2
DE,2017-01-01,FinConsExpHH,364267.2
DE,2017-04-01,FinConsExpHH,365290.4
DE,2017-07-01,FinConsExpHH,367301.5
DE,2017-10-01,FinConsExpHH,370794.6
DE,2018-01-01,FinConsExpHH,371650.3
DE,2018-04-01,FinConsExpHH,371650.2
DE,2018-07-01,FinConsExpHH,370838.7
DE,2018-10-01,FinConsExpHH,375072.8
DE,2019-01-01,FinConsExpHH,377569.1
DE,2019-04-01,FinConsExpHH,377674.9
DE,2019-07-01,FinConsExpHH,378627.6
DE,2019-10-01,FinConsExpHH,379686.1
DE,2020-01-01,FinConsExpHH,369877.2
DE,2020-04-01,FinConsExpHH,329018.9
DE,2020-07-01,FinConsExpHH,364972.8
DE,2020-10-01,FinConsExpHH,357739.7
DE,2021-01-01,FinConsExpHH,344006
DE,2021-04-01,FinConsExpHH,354590.8
DE,2021-07-01,FinConsExpHH,372091
DE,2021-10-01,FinConsExpHH,372196.9
DE,2022-01-01,FinConsExpHH,374155.4
DE,2022-04-01,FinConsExpHH,372920.4
DE,2022-07-01,FinConsExpHH,378318.9
DE,2022-10-01,FinConsExpHH,374155.4
DE,2023-01-01,FinConsExpHH,371685.5
DE,2023-04-01,FinConsExpHH,372673.5
DE,2023-07-01,FinConsExpHH,372602.9
DE,2023-10-01,FinConsExpHH,374190.7
DE,2024-01-01,FinConsExpHH,372638.2
DE,1996-01-01,HICP_Electricity,148.4
DE,1996-04-01,HICP_Electricity,148.5
DE,1996-07-01,HICP_Electricity,148.8
DE,1996-10-01,HICP_Electricity,148.8
DE,1997-01-01,HICP_Electricity,149.10000000000002
DE,1997-04-01,HICP_Electricity,149.39999999999998
DE,1997-07-01,HICP_Electricity,149.39999999999998
DE,1997-10-01,HICP_Electricity,149.39999999999998
DE,1998-01-01,HICP_Electricity,149.7
DE,1998-04-01,HICP_Electricity,151.4
DE,1998-07-01,HICP_Electricity,151.5
DE,1998-10-01,HICP_Electricity,151.5
DE,1999-01-01,HICP_Electricity,151.3
DE,1999-04-01,HICP_Electricity,163.1
DE,1999-07-01,HICP_Electricity,161.60000000000002
DE,1999-10-01,HICP_Electricity,152
DE,2000-01-01,HICP_Electricity,149.39999999999998
DE,2000-04-01,HICP_Electricity,148.9
DE,2000-07-01,HICP_Electricity,148.9
DE,2000-10-01,HICP_Electricity,150.1
DE,2001-01-01,HICP_Electricity,154.6
DE,2001-04-01,HICP_Electricity,155.2
DE,2001-07-01,HICP_Electricity,155.5
DE,2001-10-01,HICP_Electricity,155.8
DE,2002-01-01,HICP_Electricity,162
DE,2002-04-01,HICP_Electricity,162.1
DE,2002-07-01,HICP_Electricity,162.3
DE,2002-10-01,HICP_Electricity,162.60000000000002
DE,2003-01-01,HICP_Electricity,169.7
DE,2003-04-01,HICP_Electricity,170.10000000000002
DE,2003-07-01,HICP_Electricity,170.5
DE,2003-10-01,HICP_Electricity,171
DE,2004-01-01,HICP_Electricity,176.5
DE,2004-04-01,HICP_Electricity,177.3
DE,2004-07-01,HICP_Electricity,177.4
DE,2004-10-01,HICP_Electricity,177.60000000000002
DE,2005-01-01,HICP_Electricity,183.8
DE,2005-04-01,HICP_Electricity,184.9
DE,2005-07-01,HICP_Electricity,185.1
DE,2005-10-01,HICP_Electricity,185.1
DE,2006-01-01,HICP_Electricity,191.2
DE,2006-04-01,HICP_Electricity,191.8
DE,2006-07-01,HICP_Electricity,192.3
DE,2006-10-01,HICP_Electricity,192.6
DE,2007-01-01,HICP_Electricity,202.9
DE,2007-04-01,HICP_Electricity,203.7
DE,2007-07-01,HICP_Electricity,205.9
DE,2007-10-01,HICP_Electricity,208.3
DE,2008-01-01,HICP_Electricity,217.3
DE,2008-04-01,HICP_Electricity,218.3
DE,2008-07-01,HICP_Electricity,220
DE,2008-10-01,HICP_Electricity,221.2
DE,2009-01-01,HICP_Electricity,230
DE,2009-04-01,HICP_Electricity,233.6
DE,2009-07-01,HICP_Electricity,233.9
DE,2009-10-01,HICP_Electricity,234.2
DE,2010-01-01,HICP_Electricity,237.9
DE,2010-04-01,HICP_Electricity,240.2
DE,2010-07-01,HICP_Electricity,241.3
DE,2010-10-01,HICP_Electricity,242
DE,2011-01-01,HICP_Electricity,255.5
DE,2011-04-01,HICP_Electricity,258.3
DE,2011-07-01,HICP_Electricity,258.8
DE,2011-10-01,HICP_Electricity,258.9
DE,2012-01-01,HICP_Electricity,262.5
DE,2012-04-01,HICP_Electricity,264.7
DE,2012-07-01,HICP_Electricity,266.3
DE,2012-10-01,HICP_Electricity,267
DE,2013-01-01,HICP_Electricity,294.8
DE,2013-04-01,HICP_Electricity,297.29999999999995
DE,2013-07-01,HICP_Electricity,297.6
DE,2013-10-01,HICP_Electricity,297.4
DE,2014-01-01,HICP_Electricity,301.3
DE,2014-04-01,HICP_Electricity,302.6
DE,2014-07-01,HICP_Electricity,302.70000000000005
DE,2014-10-01,HICP_Electricity,302.70000000000005
DE,2015-01-01,HICP_Electricity,301.1
DE,2015-04-01,HICP_Electricity,300
DE,2015-07-01,HICP_Electricity,299.70000000000005
DE,2015-10-01,HICP_Electricity,299.3
DE,2016-01-01,HICP_Electricity,300.6
DE,2016-04-01,HICP_Electricity,302.2
DE,2016-07-01,HICP_Electricity,301.79999999999995
DE,2016-10-01,HICP_Electricity,301.79999999999995
DE,2017-01-01,HICP_Electricity,305
DE,2017-04-01,HICP_Electricity,306
DE,2017-07-01,HICP_Electricity,307.4
DE,2017-10-01,HICP_Electricity,307.7
DE,2018-01-01,HICP_Electricity,309.6
DE,2018-04-01,HICP_Electricity,310.5
DE,2018-07-01,HICP_Electricity,310.4
DE,2018-10-01,HICP_Electricity,310.79999999999995
DE,2019-01-01,HICP_Electricity,318.2
DE,2019-04-01,HICP_Electricity,320.6
DE,2019-07-01,HICP_Electricity,322.2
DE,2019-10-01,HICP_Electricity,322.9
DE,2020-01-01,HICP_Electricity,331.9
DE,2020-04-01,HICP_Electricity,334.20000000000005
DE,2020-07-01,HICP_Electricity,328.6
DE,2020-10-01,HICP_Electricity,328.2
DE,2021-01-01,HICP_Electricity,333.8
DE,2021-04-01,HICP_Electricity,333.9
DE,2021-07-01,HICP_Electricity,334.5
DE,2021-10-01,HICP_Electricity,338.3
DE,2022-01-01,HICP_Electricity,380
DE,2022-04-01,HICP_Electricity,403.9
DE,2022-07-01,HICP_Electricity,396.5
DE,2022-10-01,HICP_Electricity,428.7000000000001
DE,2023-01-01,HICP_Electricity,460.7
DE,2023-04-01,HICP_Electricity,455.5
DE,2023-07-01,HICP_Electricity,449.4
DE,2023-10-01,HICP_Electricity,437.4
DE,2024-01-01,HICP_Electricity,425.7000000000001
DE,1996-01-01,HICP_Gas,144.7
DE,1996-04-01,HICP_Gas,144.3
DE,1996-07-01,HICP_Gas,144.3
DE,1996-10-01,HICP_Gas,145
DE,1997-01-01,HICP_Gas,148.6
DE,1997-04-01,HICP_Gas,150
DE,1997-07-01,HICP_Gas,150.60000000000002
DE,1997-10-01,HICP_Gas,150.89999999999998
DE,1998-01-01,HICP_Gas,150.7
DE,1998-04-01,HICP_Gas,151.1
DE,1998-07-01,HICP_Gas,150.89999999999998
DE,1998-10-01,HICP_Gas,148.5
DE,1999-01-01,HICP_Gas,146.1
DE,1999-04-01,HICP_Gas,147.3
DE,1999-07-01,HICP_Gas,146.9
DE,1999-10-01,HICP_Gas,147.9
DE,2000-01-01,HICP_Gas,155.7
DE,2000-04-01,HICP_Gas,167.4
DE,2000-07-01,HICP_Gas,174.2
DE,2000-10-01,HICP_Gas,186.8
DE,2001-01-01,HICP_Gas,207.2
DE,2001-04-01,HICP_Gas,209.9
DE,2001-07-01,HICP_Gas,208.9
DE,2001-10-01,HICP_Gas,203.2
DE,2002-01-01,HICP_Gas,199.5
DE,2002-04-01,HICP_Gas,195.2
DE,2002-07-01,HICP_Gas,194.1
DE,2002-10-01,HICP_Gas,193.4
DE,2003-01-01,HICP_Gas,203.3
DE,2003-04-01,HICP_Gas,204.6
DE,2003-07-01,HICP_Gas,206.7
DE,2003-10-01,HICP_Gas,207.6
DE,2004-01-01,HICP_Gas,206.5
DE,2004-04-01,HICP_Gas,206
DE,2004-07-01,HICP_Gas,206.4
DE,2004-10-01,HICP_Gas,212.1
DE,2005-01-01,HICP_Gas,221.6
DE,2005-04-01,HICP_Gas,223.1
DE,2005-07-01,HICP_Gas,228.7
DE,2005-10-01,HICP_Gas,244.2
DE,2006-01-01,HICP_Gas,263.79999999999995
DE,2006-04-01,HICP_Gas,267.2
DE,2006-07-01,HICP_Gas,268.8
DE,2006-10-01,HICP_Gas,279.8
DE,2007-01-01,HICP_Gas,287
DE,2007-04-01,HICP_Gas,276.3
DE,2007-07-01,HICP_Gas,273.7
DE,2007-10-01,HICP_Gas,273.7
DE,2008-01-01,HICP_Gas,283
DE,2008-04-01,HICP_Gas,288.8
DE,2008-07-01,HICP_Gas,303.3
DE,2008-10-01,HICP_Gas,334
DE,2009-01-01,HICP_Gas,336.5
DE,2009-04-01,HICP_Gas,299.2
DE,2009-07-01,HICP_Gas,284.1
DE,2009-10-01,HICP_Gas,271.5
DE,2010-01-01,HICP_Gas,270.5
DE,2010-04-01,HICP_Gas,271.20000000000005
DE,2010-07-01,HICP_Gas,271.8
DE,2010-10-01,HICP_Gas,275.5
DE,2011-01-01,HICP_Gas,279.9
DE,2011-04-01,HICP_Gas,281.2
DE,2011-07-01,HICP_Gas,285
DE,2011-10-01,HICP_Gas,294
DE,2012-01-01,HICP_Gas,298.7
DE,2012-04-01,HICP_Gas,299.8
DE,2012-07-01,HICP_Gas,301.1
DE,2012-10-01,HICP_Gas,302.6
DE,2013-01-01,HICP_Gas,303.4
DE,2013-04-01,HICP_Gas,303.5
DE,2013-07-01,HICP_Gas,304.3
DE,2013-10-01,HICP_Gas,305.1
DE,2014-01-01,HICP_Gas,304.7
DE,2014-04-01,HICP_Gas,304.1
DE,2014-07-01,HICP_Gas,303.8
DE,2014-10-01,HICP_Gas,302.9
DE,2015-01-01,HICP_Gas,301.20000000000005
DE,2015-04-01,HICP_Gas,300.5
DE,2015-07-01,HICP_Gas,299.5
DE,2015-10-01,HICP_Gas,299
DE,2016-01-01,HICP_Gas,295.6
DE,2016-04-01,HICP_Gas,294.2
DE,2016-07-01,HICP_Gas,292.2
DE,2016-10-01,HICP_Gas,290.2
DE,2017-01-01,HICP_Gas,287.3
DE,2017-04-01,HICP_Gas,285.4
DE,2017-07-01,HICP_Gas,283.9
DE,2017-10-01,HICP_Gas,283.9
DE,2018-01-01,HICP_Gas,282.1
DE,2018-04-01,HICP_Gas,281
DE,2018-07-01,HICP_Gas,280.20000000000005
DE,2018-10-01,HICP_Gas,280.4
DE,2019-01-01,HICP_Gas,284.7
DE,2019-04-01,HICP_Gas,286.8
DE,2019-07-01,HICP_Gas,288
DE,2019-10-01,HICP_Gas,290.9
DE,2020-01-01,HICP_Gas,293
DE,2020-04-01,HICP_Gas,292.9
DE,2020-07-01,HICP_Gas,289.9
DE,2020-10-01,HICP_Gas,289.7
DE,2021-01-01,HICP_Gas,298
DE,2021-04-01,HICP_Gas,298.5
DE,2021-07-01,HICP_Gas,300.9
DE,2021-10-01,HICP_Gas,311
DE,2022-01-01,HICP_Gas,368.7
DE,2022-04-01,HICP_Gas,412.7999999999999
DE,2022-07-01,HICP_Gas,480.7
DE,2022-10-01,HICP_Gas,517.6
DE,2023-01-01,HICP_Gas,541
DE,2023-04-01,HICP_Gas,561.5
DE,2023-07-01,HICP_Gas,566.1
DE,2023-10-01,HICP_Gas,551.5
DE,2024-01-01,HICP_Gas,550.6
DE,1979-01-01,HDD,1680.89
DE,1979-04-01,HDD,547.63
DE,1979-07-01,HDD,230.25
DE,1979-10-01,HDD,1120
DE,1980-01-01,HDD,1526.24
DE,1980-04-01,HDD,650.83
DE,1980-07-01,HDD,194.07
DE,1980-10-01,HDD,1272.41
DE,1981-01-01,HDD,1443.1799999999998
DE,1981-04-01,HDD,498.35
DE,1981-07-01,HDD,171.76999999999998
DE,1981-10-01,HDD,1313.31
DE,1982-01-01,HDD,1529.73
DE,1982-04-01,HDD,544.51
DE,1982-07-01,HDD,68.44
DE,1982-10-01,HDD,1072.23
DE,1983-01-01,HDD,1375.8
DE,1983-04-01,HDD,501.8200000000001
DE,1983-07-01,HDD,120.24
DE,1983-10-01,HDD,1217.61
DE,1984-01-01,HDD,1515.1799999999998
DE,1984-04-01,HDD,639.95
DE,1984-07-01,HDD,231.48
DE,1984-10-01,HDD,1118.72
DE,1985-01-01,HDD,1766.87
DE,1985-04-01,HDD,534.83
DE,1985-07-01,HDD,154.75
DE,1985-10-01,HDD,1208.77
DE,1986-01-01,HDD,1682.82
DE,1986-04-01,HDD,513.07
DE,1986-07-01,HDD,279.58
DE,1986-10-01,HDD,1081.53
DE,1987-01-01,HDD,1805.8
DE,1987-04-01,HDD,606.37
DE,1987-07-01,HDD,168.64
DE,1987-10-01,HDD,1121.85
DE,1988-01-01,HDD,1348.45
DE,1988-04-01,HDD,452.73
DE,1988-07-01,HDD,153.44
DE,1988-10-01,HDD,1134.73
DE,1989-01-01,HDD,1197.54
DE,1989-04-01,HDD,504.23
DE,1989-07-01,HDD,147.42000000000002
DE,1989-10-01,HDD,1135.85
DE,1990-01-01,HDD,1127.19
DE,1990-04-01,HDD,481.35
DE,1990-07-01,HDD,210.54
DE,1990-10-01,HDD,1138.5
DE,1991-01-01,HDD,1409.78
DE,1991-04-01,HDD,684.11
DE,1991-07-01,HDD,79.72
DE,1991-10-01,HDD,1229.47
DE,1992-01-01,HDD,1345.05
DE,1992-04-01,HDD,423.28
DE,1992-07-01,HDD,113.61
DE,1992-10-01,HDD,1224.49
DE,1993-01-01,HDD,1423.1799999999998
DE,1993-04-01,HDD,358.91
DE,1993-07-01,HDD,244.86
DE,1993-10-01,HDD,1270.96
DE,1994-01-01,HDD,1308.78
DE,1994-04-01,HDD,502.84
DE,1994-07-01,HDD,135.55
DE,1994-10-01,HDD,1057.29
DE,1995-01-01,HDD,1351.34
DE,1995-04-01,HDD,548.51
DE,1995-07-01,HDD,152.69
DE,1995-10-01,HDD,1211.96
DE,1996-01-01,HDD,1729.44
DE,1996-04-01,HDD,564.76
DE,1996-07-01,HDD,260.03
DE,1996-10-01,HDD,1268.06
DE,1997-01-01,HDD,1375.15
DE,1997-04-01,HDD,555
DE,1997-07-01,HDD,112.22
DE,1997-10-01,HDD,1186.04
DE,1998-01-01,HDD,1239.37
DE,1998-04-01,HDD,417.06000000000006
DE,1998-07-01,HDD,190.87
DE,1998-10-01,HDD,1287.88
DE,1999-01-01,HDD,1336.13
DE,1999-04-01,HDD,450.2999999999999
DE,1999-07-01,HDD,43.1
DE,1999-10-01,HDD,1174.1
DE,2000-01-01,HDD,1306.52
DE,2000-04-01,HDD,371.38
DE,2000-07-01,HDD,151.82
DE,2000-10-01,HDD,1012.55
DE,2001-01-01,HDD,1376.65
DE,2001-04-01,HDD,518.72
DE,2001-07-01,HDD,187.96
DE,2001-10-01,HDD,1133.41
DE,2002-01-01,HDD,1259.94
DE,2002-04-01,HDD,441.43
DE,2002-07-01,HDD,141.08
DE,2002-10-01,HDD,1210.53
DE,2003-01-01,HDD,1495.64
DE,2003-04-01,HDD,399.81
DE,2003-07-01,HDD,113.27
DE,2003-10-01,HDD,1213.12
DE,2004-01-01,HDD,1409.86
DE,2004-04-01,HDD,492.02
DE,2004-07-01,HDD,134.15
DE,2004-10-01,HDD,1138.1
DE,2005-01-01,HDD,1435.61
DE,2005-04-01,HDD,476.69
DE,2005-07-01,HDD,124.67
DE,2005-10-01,HDD,1112.09
DE,2006-01-01,HDD,1628.71
DE,2006-04-01,HDD,467.5499999999999
DE,2006-07-01,HDD,49.51
DE,2006-10-01,HDD,878.27
DE,2007-01-01,HDD,1132.88
DE,2007-04-01,HDD,311.62
DE,2007-07-01,HDD,179.26999999999998
DE,2007-10-01,HDD,1196.61
DE,2008-01-01,HDD,1241.69
DE,2008-04-01,HDD,431.69
DE,2008-07-01,HDD,169.45000000000002
DE,2008-10-01,HDD,1143.01
DE,2009-01-01,HDD,1503.68
DE,2009-04-01,HDD,360.51
DE,2009-07-01,HDD,80.53999999999999
DE,2009-10-01,HDD,1136.65
DE,2010-01-01,HDD,1584.22
DE,2010-04-01,HDD,535.98
DE,2010-07-01,HDD,169.73000000000002
DE,2010-10-01,HDD,1345.47
DE,2011-01-01,HDD,1379.42
DE,2011-04-01,HDD,319.26
DE,2011-07-01,HDD,119.25
DE,2011-10-01,HDD,1055.09
DE,2012-01-01,HDD,1398.72
DE,2012-04-01,HDD,456.36
DE,2012-07-01,HDD,131.12
DE,2012-10-01,HDD,1144.73
DE,2013-01-01,HDD,1602.13
DE,2013-04-01,HDD,519.26
DE,2013-07-01,HDD,134.47
DE,2013-10-01,HDD,1033.2
DE,2014-01-01,HDD,1177.58
DE,2014-04-01,HDD,404.89
DE,2014-07-01,HDD,116.04
DE,2014-10-01,HDD,960.49
DE,2015-01-01,HDD,1337.65
DE,2015-04-01,HDD,494.33
DE,2015-07-01,HDD,144.73000000000002
DE,2015-10-01,HDD,931.71
DE,2016-01-01,HDD,1352.24
DE,2016-04-01,HDD,421.56
DE,2016-07-01,HDD,61.32
DE,2016-10-01,HDD,1173.9
DE,2017-01-01,HDD,1348.93
DE,2017-04-01,HDD,435.13000000000005
DE,2017-07-01,HDD,148.65
DE,2017-10-01,HDD,1033.12
DE,2018-01-01,HDD,1448.44
DE,2018-04-01,HDD,235.06
DE,2018-07-01,HDD,87.83
DE,2018-10-01,HDD,1003.62
DE,2019-01-01,HDD,1242.92
DE,2019-04-01,HDD,444.15
DE,2019-07-01,HDD,106.72
DE,2019-10-01,HDD,1007.02
DE,2020-01-01,HDD,1184.19
DE,2020-04-01,HDD,435.96
DE,2020-07-01,HDD,100.6
DE,2020-10-01,HDD,1020.28
DE,2021-01-01,HDD,1368.49
DE,2021-04-01,HDD,565.71
DE,2021-07-01,HDD,83.38
DE,2021-10-01,HDD,1096.61
DE,2022-01-01,HDD,1218.77
DE,2022-04-01,HDD,417.98
DE,2022-07-01,HDD,122.61
DE,2022-10-01,HDD,976.96
DE,2023-01-01,HDD,1202.4
DE,2023-04-01,HDD,452.49
DE,2023-07-01,HDD,45.8
DE,2023-10-01,HDD,961.19
DE,1970-01-01,EmiCH4Livestock,466.409667455154
DE,1970-04-01,EmiCH4Livestock,466.409667455154
DE,1970-07-01,EmiCH4Livestock,466.409667455154
DE,1970-10-01,EmiCH4Livestock,466.48429598708
DE,1971-01-01,EmiCH4Livestock,464.735354117229
DE,1971-04-01,EmiCH4Livestock,464.735354117229
DE,1971-07-01,EmiCH4Livestock,464.735354117229
DE,1971-10-01,EmiCH4Livestock,464.809714748313
DE,1972-01-01,EmiCH4Livestock,461.341116348426
DE,1972-04-01,EmiCH4Livestock,461.341116348426
DE,1972-07-01,EmiCH4Livestock,461.341116348426
DE,1972-10-01,EmiCH4Livestock,461.414933879739
DE,1973-01-01,EmiCH4Livestock,467.3116119852929
DE,1973-04-01,EmiCH4Livestock,467.3116119852929
DE,1973-07-01,EmiCH4Livestock,467.3116119852929
DE,1973-10-01,EmiCH4Livestock,467.386384834124
DE,1974-01-01,EmiCH4Livestock,478.791314189475
DE,1974-04-01,EmiCH4Livestock,478.791314189475
DE,1974-07-01,EmiCH4Livestock,478.791314189475
DE,1974-10-01,EmiCH4Livestock,478.867923864123
DE,1975-01-01,EmiCH4Livestock,481.8929458498439
DE,1975-04-01,EmiCH4Livestock,481.8929458498439
DE,1975-07-01,EmiCH4Livestock,481.8929458498439
DE,1975-10-01,EmiCH4Livestock,481.970051805426
DE,1976-01-01,EmiCH4Livestock,482.992204723353
DE,1976-04-01,EmiCH4Livestock,482.992204723353
DE,1976-07-01,EmiCH4Livestock,482.992204723353
DE,1976-10-01,EmiCH4Livestock,483.069486567388
DE,1977-01-01,EmiCH4Livestock,484.340399791524
DE,1977-04-01,EmiCH4Livestock,484.340399791524
DE,1977-07-01,EmiCH4Livestock,484.340399791524
DE,1977-10-01,EmiCH4Livestock,484.417897355391
DE,1978-01-01,EmiCH4Livestock,494.97895476918904
DE,1978-04-01,EmiCH4Livestock,494.97895476918904
DE,1978-07-01,EmiCH4Livestock,494.97895476918904
DE,1978-10-01,EmiCH4Livestock,495.058154569942
DE,1979-01-01,EmiCH4Livestock,502.926892899582
DE,1979-04-01,EmiCH4Livestock,502.926892899582
DE,1979-07-01,EmiCH4Livestock,502.926892899582
DE,1979-10-01,EmiCH4Livestock,503.007364421306
DE,1980-01-01,EmiCH4Livestock,506.850064793916
DE,1980-04-01,EmiCH4Livestock,506.850064793916
DE,1980-07-01,EmiCH4Livestock,506.850064793916
DE,1980-10-01,EmiCH4Livestock,506.931164048253
DE,1981-01-01,EmiCH4Livestock,510.70758153520194
DE,1981-04-01,EmiCH4Livestock,510.70758153520194
DE,1981-07-01,EmiCH4Livestock,510.70758153520194
DE,1981-10-01,EmiCH4Livestock,510.78929801690697
DE,1982-01-01,EmiCH4Livestock,510.103720732479
DE,1982-04-01,EmiCH4Livestock,510.103720732479
DE,1982-07-01,EmiCH4Livestock,510.103720732479
DE,1982-10-01,EmiCH4Livestock,510.185340592587
DE,1983-01-01,EmiCH4Livestock,514.290367922394
DE,1983-04-01,EmiCH4Livestock,514.290367922394
DE,1983-07-01,EmiCH4Livestock,514.290367922394
DE,1983-10-01,EmiCH4Livestock,514.3726576728541
DE,1984-01-01,EmiCH4Livestock,523.461996697554
DE,1984-04-01,EmiCH4Livestock,523.461996697554
DE,1984-07-01,EmiCH4Livestock,523.461996697554
DE,1984-10-01,EmiCH4Livestock,523.54575396732
DE,1985-01-01,EmiCH4Livestock,526.302918766137
DE,1985-04-01,EmiCH4Livestock,526.302918766137
DE,1985-07-01,EmiCH4Livestock,526.302918766137
DE,1985-10-01,EmiCH4Livestock,526.387130601609
DE,1986-01-01,EmiCH4Livestock,528.3909167028689
DE,1986-04-01,EmiCH4Livestock,528.3909167028689
DE,1986-07-01,EmiCH4Livestock,528.3909167028689
DE,1986-10-01,EmiCH4Livestock,528.475462631377
DE,1987-01-01,EmiCH4Livestock,518.083867398822
DE,1987-04-01,EmiCH4Livestock,518.083867398822
DE,1987-07-01,EmiCH4Livestock,518.083867398822
DE,1987-10-01,EmiCH4Livestock,518.1667641334791
DE,1988-01-01,EmiCH4Livestock,508.07831392698
DE,1988-04-01,EmiCH4Livestock,508.07831392698
DE,1988-07-01,EmiCH4Livestock,508.07831392698
DE,1988-10-01,EmiCH4Livestock,508.159609709043
DE,1989-01-01,EmiCH4Livestock,504.151562283339
DE,1989-04-01,EmiCH4Livestock,504.151562283339
DE,1989-07-01,EmiCH4Livestock,504.151562283339
DE,1989-10-01,EmiCH4Livestock,504.2322297600021
DE,1990-01-01,EmiCH4Livestock,496.946969008599
DE,1990-04-01,EmiCH4Livestock,496.946969008599
DE,1990-07-01,EmiCH4Livestock,496.946969008599
DE,1990-10-01,EmiCH4Livestock,497.026483704224
DE,1991-01-01,EmiCH4Livestock,466.77000216305106
DE,1991-04-01,EmiCH4Livestock,466.77000216305106
DE,1991-07-01,EmiCH4Livestock,466.77000216305106
DE,1991-10-01,EmiCH4Livestock,466.84468835084505
DE,1992-01-01,EmiCH4Livestock,416.979292261116
DE,1992-04-01,EmiCH4Livestock,416.979292261116
DE,1992-07-01,EmiCH4Livestock,416.979292261116
DE,1992-10-01,EmiCH4Livestock,417.046011616652
DE,1993-01-01,EmiCH4Livestock,404.298562140612
DE,1993-04-01,EmiCH4Livestock,404.298562140612
DE,1993-07-01,EmiCH4Livestock,404.298562140612
DE,1993-10-01,EmiCH4Livestock,404.363252498168
DE,1994-01-01,EmiCH4Livestock,398.27307956455496
DE,1994-04-01,EmiCH4Livestock,398.27307956455496
DE,1994-07-01,EmiCH4Livestock,398.27307956455496
DE,1994-10-01,EmiCH4Livestock,398.33680580633495
DE,1995-01-01,EmiCH4Livestock,398.866903635645
DE,1995-04-01,EmiCH4Livestock,398.866903635645
DE,1995-07-01,EmiCH4Livestock,398.866903635645
DE,1995-10-01,EmiCH4Livestock,398.93072489307497
DE,1996-01-01,EmiCH4Livestock,396.2321265059579
DE,1996-04-01,EmiCH4Livestock,396.2321265059579
DE,1996-07-01,EmiCH4Livestock,396.2321265059579
DE,1996-10-01,EmiCH4Livestock,396.295526182186
DE,1997-01-01,EmiCH4Livestock,394.692737008995
DE,1997-04-01,EmiCH4Livestock,394.692737008995
DE,1997-07-01,EmiCH4Livestock,394.692737008995
DE,1997-10-01,EmiCH4Livestock,394.75589037304496
DE,1998-01-01,EmiCH4Livestock,385.69966669618793
DE,1998-04-01,EmiCH4Livestock,385.69966669618793
DE,1998-07-01,EmiCH4Livestock,385.69966669618793
DE,1998-10-01,EmiCH4Livestock,385.761381111436
DE,1999-01-01,EmiCH4Livestock,383.195441169216
DE,1999-04-01,EmiCH4Livestock,383.195441169216
DE,1999-07-01,EmiCH4Livestock,383.195441169216
DE,1999-10-01,EmiCH4Livestock,383.256754892352
DE,2000-01-01,EmiCH4Livestock,376.767736787676
DE,2000-04-01,EmiCH4Livestock,376.767736787676
DE,2000-07-01,EmiCH4Livestock,376.767736787676
DE,2000-10-01,EmiCH4Livestock,376.828022036972
DE,2001-01-01,EmiCH4Livestock,374.78345406216
DE,2001-04-01,EmiCH4Livestock,374.78345406216
DE,2001-07-01,EmiCH4Livestock,374.78345406216
DE,2001-10-01,EmiCH4Livestock,374.84342181352
DE,2002-01-01,EmiCH4Livestock,368.858512944285
DE,2002-04-01,EmiCH4Livestock,368.858512944285
DE,2002-07-01,EmiCH4Livestock,368.858512944285
DE,2002-10-01,EmiCH4Livestock,368.917532667145
DE,2003-01-01,EmiCH4Livestock,361.589277875319
DE,2003-04-01,EmiCH4Livestock,361.589277875319
DE,2003-07-01,EmiCH4Livestock,361.589277875319
DE,2003-10-01,EmiCH4Livestock,361.647134474043
DE,2004-01-01,EmiCH4Livestock,352.16331195403797
DE,2004-04-01,EmiCH4Livestock,352.16331195403797
DE,2004-07-01,EmiCH4Livestock,352.16331195403797
DE,2004-10-01,EmiCH4Livestock,352.219660337886
DE,2005-01-01,EmiCH4Livestock,344.943004852875
DE,2005-04-01,EmiCH4Livestock,344.943004852875
DE,2005-07-01,EmiCH4Livestock,344.943004852875
DE,2005-10-01,EmiCH4Livestock,344.998197941375
DE,2006-01-01,EmiCH4Livestock,338.79864826197
DE,2006-04-01,EmiCH4Livestock,338.79864826197
DE,2006-07-01,EmiCH4Livestock,338.79864826197
DE,2006-10-01,EmiCH4Livestock,338.85285821409
DE,2007-01-01,EmiCH4Livestock,340.581273626604
DE,2007-04-01,EmiCH4Livestock,340.581273626604
DE,2007-07-01,EmiCH4Livestock,340.581273626604
DE,2007-10-01,EmiCH4Livestock,340.635768810191
DE,2008-01-01,EmiCH4Livestock,349.68112457550603
DE,2008-04-01,EmiCH4Livestock,349.68112457550603
DE,2008-07-01,EmiCH4Livestock,349.68112457550603
DE,2008-10-01,EmiCH4Livestock,349.737075793486
DE,2009-01-01,EmiCH4Livestock,349.911317872404
DE,2009-04-01,EmiCH4Livestock,349.911317872404
DE,2009-07-01,EmiCH4Livestock,349.911317872404
DE,2009-10-01,EmiCH4Livestock,349.967305922786
DE,2010-01-01,EmiCH4Livestock,348.002765780043
DE,2010-04-01,EmiCH4Livestock,348.002765780043
DE,2010-07-01,EmiCH4Livestock,348.002765780043
DE,2010-10-01,EmiCH4Livestock,348.058448449874
DE,2011-01-01,EmiCH4Livestock,346.60550178533697
DE,2011-04-01,EmiCH4Livestock,346.60550178533697
DE,2011-07-01,EmiCH4Livestock,346.60550178533697
DE,2011-10-01,EmiCH4Livestock,346.660960883987
DE,2012-01-01,EmiCH4Livestock,348.253555265562
DE,2012-04-01,EmiCH4Livestock,348.253555265562
DE,2012-07-01,EmiCH4Livestock,348.253555265562
DE,2012-10-01,EmiCH4Livestock,348.309278063316
DE,2013-01-01,EmiCH4Livestock,352.26962391138903
DE,2013-04-01,EmiCH4Livestock,352.26962391138903
DE,2013-07-01,EmiCH4Livestock,352.26962391138903
DE,2013-10-01,EmiCH4Livestock,352.32598930583106
DE,2014-01-01,EmiCH4Livestock,354.034592109837
DE,2014-04-01,EmiCH4Livestock,354.034592109837
DE,2014-07-01,EmiCH4Livestock,354.034592109837
DE,2014-10-01,EmiCH4Livestock,354.091239910487
DE,2015-01-01,EmiCH4Livestock,353.76758383809596
DE,2015-04-01,EmiCH4Livestock,353.76758383809596
DE,2015-07-01,EmiCH4Livestock,353.76758383809596
DE,2015-10-01,EmiCH4Livestock,353.82418891571297
DE,2016-01-01,EmiCH4Livestock,350.855650322595
DE,2016-04-01,EmiCH4Livestock,350.855650322595
DE,2016-07-01,EmiCH4Livestock,350.855650322595
DE,2016-10-01,EmiCH4Livestock,350.911789472213
DE,2017-01-01,EmiCH4Livestock,348.07254704118
DE,2017-04-01,EmiCH4Livestock,348.07254704118
DE,2017-07-01,EmiCH4Livestock,348.07254704118
DE,2017-10-01,EmiCH4Livestock,348.12824087646
DE,2018-01-01,EmiCH4Livestock,338.70937683297
DE,2018-04-01,EmiCH4Livestock,338.70937683297
DE,2018-07-01,EmiCH4Livestock,338.70937683297
DE,2018-10-01,EmiCH4Livestock,338.76357250109004
DE,2019-01-01,EmiCH4Livestock,331.29313624446
DE,2019-04-01,EmiCH4Livestock,331.29313624446
DE,2019-07-01,EmiCH4Livestock,331.29313624446
DE,2019-10-01,EmiCH4Livestock,331.34614526662
DE,2020-01-01,EmiCH4Livestock,324.226675779186
DE,2020-04-01,EmiCH4Livestock,324.226675779186
DE,2020-07-01,EmiCH4Livestock,324.226675779186
DE,2020-10-01,EmiCH4Livestock,324.278554122444
DE,2021-01-01,EmiCH4Livestock,318.31879915520403
DE,2021-04-01,EmiCH4Livestock,318.31879915520403
DE,2021-07-01,EmiCH4Livestock,318.31879915520403
DE,2021-10-01,EmiCH4Livestock,318.369732200391
DE,2022-01-01,EmiCH4Livestock,312.557382479763
DE,2022-04-01,EmiCH4Livestock,312.557382479763
DE,2022-07-01,EmiCH4Livestock,312.557382479763
DE,2022-10-01,EmiCH4Livestock,312.60739366140604
DE,1970-01-01,EmiCO2Industry,18023.77373847788
DE,1970-04-01,EmiCO2Industry,15979.859343308011
DE,1970-07-01,EmiCO2Industry,13467.605158811284
DE,1970-10-01,EmiCO2Industry,16695.62856745979
DE,1971-01-01,EmiCO2Industry,17948.696225360753
DE,1971-04-01,EmiCO2Industry,15906.970260174576
DE,1971-07-01,EmiCO2Industry,13400.900658508835
DE,1971-10-01,EmiCO2Industry,16622.226982214066
DE,1972-01-01,EmiCO2Industry,19287.137393575733
DE,1972-04-01,EmiCO2Industry,17074.83631891135
DE,1972-07-01,EmiCO2Industry,14368.501582225172
DE,1972-10-01,EmiCO2Industry,17851.446208863315
DE,1973-01-01,EmiCO2Industry,19831.035625860764
DE,1973-04-01,EmiCO2Industry,17543.051048100664
DE,1973-07-01,EmiCO2Industry,14752.658890894503
DE,1973-10-01,EmiCO2Industry,18348.704703974665
DE,1974-01-01,EmiCO2Industry,18205.30684638185
DE,1974-04-01,EmiCO2Industry,16110.258650005984
DE,1974-07-01,EmiCO2Industry,13552.00585463082
DE,1974-10-01,EmiCO2Industry,16847.47256356124
DE,1975-01-01,EmiCO2Industry,16626.414812356197
DE,1975-04-01,EmiCO2Industry,14717.539591571607
DE,1975-07-01,EmiCO2Industry,12385.17091516342
DE,1975-10-01,EmiCO2Industry,15389.304264430017
DE,1976-01-01,EmiCO2Industry,18564.582730439262
DE,1976-04-01,EmiCO2Industry,16423.000152753044
DE,1976-07-01,EmiCO2Industry,13810.698272736929
DE,1976-10-01,EmiCO2Industry,17177.04482191035
DE,1977-01-01,EmiCO2Industry,17524.443472327355
DE,1977-04-01,EmiCO2Industry,15512.341792183232
DE,1977-07-01,EmiCO2Industry,13055.031504441067
DE,1977-10-01,EmiCO2Industry,16221.144490635386
DE,1978-01-01,EmiCO2Industry,18072.343493456458
DE,1978-04-01,EmiCO2Industry,15997.711905193708
DE,1978-07-01,EmiCO2Industry,13463.646394476313
DE,1978-10-01,EmiCO2Industry,16728.270469886706
DE,1979-01-01,EmiCO2Industry,18247.70481886197
DE,1979-04-01,EmiCO2Industry,16154.01711523447
DE,1979-07-01,EmiCO2Industry,13597.086954664544
DE,1979-10-01,EmiCO2Industry,16892.072374063526
DE,1980-01-01,EmiCO2Industry,17049.53824225824
DE,1980-04-01,EmiCO2Industry,15094.56658181882
DE,1980-07-01,EmiCO2Industry,12716.683361503336
DE,1980-10-01,EmiCO2Industry,15790.453769423964
DE,1981-01-01,EmiCO2Industry,16274.80454969238
DE,1981-04-01,EmiCO2Industry,14428.401290913203
DE,1981-07-01,EmiCO2Industry,12172.126984319775
DE,1981-10-01,EmiCO2Industry,15083.7348644482
DE,1982-01-01,EmiCO2Industry,15146.903983661883
DE,1982-04-01,EmiCO2Industry,13383.956036746593
DE,1982-07-01,EmiCO2Industry,11256.300023609523
DE,1982-10-01,EmiCO2Industry,14015.798045868049
DE,1983-01-01,EmiCO2Industry,15612.08323510835
DE,1983-04-01,EmiCO2Industry,13783.575061055457
DE,1983-07-01,EmiCO2Industry,11581.981171235157
DE,1983-10-01,EmiCO2Industry,14439.370016543851
DE,1984-01-01,EmiCO2Industry,15210.400432998636
DE,1984-04-01,EmiCO2Industry,13428.577841977136
DE,1984-07-01,EmiCO2Industry,11284.515006617135
DE,1984-10-01,EmiCO2Industry,14068.753906621634
DE,1985-01-01,EmiCO2Industry,14554.325997109558
DE,1985-04-01,EmiCO2Industry,12866.783863849738
DE,1985-07-01,EmiCO2Industry,10827.275769193366
DE,1985-10-01,EmiCO2Industry,13471.687273556296
DE,1986-01-01,EmiCO2Industry,13877.125709264055
DE,1986-04-01,EmiCO2Industry,12262.893312882765
DE,1986-07-01,EmiCO2Industry,10318.469496508862
DE,1986-10-01,EmiCO2Industry,12844.097136361735
DE,1987-01-01,EmiCO2Industry,14149.819387902671
DE,1987-04-01,EmiCO2Industry,12503.490197702038
DE,1987-07-01,EmiCO2Industry,10518.961206522968
DE,1987-10-01,EmiCO2Industry,13095.31839608174
DE,1988-01-01,EmiCO2Industry,14595.257412363677
DE,1988-04-01,EmiCO2Industry,12905.112722327962
DE,1988-07-01,EmiCO2Industry,10864.311788959878
DE,1988-10-01,EmiCO2Industry,13512.510820146952
DE,1989-01-01,EmiCO2Industry,14758.025583168386
DE,1989-04-01,EmiCO2Industry,13028.801289587947
DE,1989-07-01,EmiCO2Industry,10951.322049729686
DE,1989-10-01,EmiCO2Industry,13652.046103706856
DE,1990-01-01,EmiCO2Industry,13309.18995704564
DE,1990-04-01,EmiCO2Industry,11752.051176724846
DE,1990-07-01,EmiCO2Industry,9881.708311235658
DE,1990-10-01,EmiCO2Industry,12314.168924137692
DE,1991-01-01,EmiCO2Industry,12172.763192322072
DE,1991-04-01,EmiCO2Industry,10758.073820394364
DE,1991-07-01,EmiCO2Industry,9050.831696034264
DE,1991-10-01,EmiCO2Industry,11265.629402000948
DE,1992-01-01,EmiCO2Industry,12051.805555976154
DE,1992-04-01,EmiCO2Industry,10644.201721188729
DE,1992-07-01,EmiCO2Industry,8950.416703892919
DE,1992-10-01,EmiCO2Industry,11150.465909614604
DE,1993-01-01,EmiCO2Industry,12031.299664456536
DE,1993-04-01,EmiCO2Industry,10630.175553796977
DE,1993-07-01,EmiCO2Industry,8940.50475499521
DE,1993-10-01,EmiCO2Industry,11132.412949236745
DE,1994-01-01,EmiCO2Industry,11356.140978109985
DE,1994-04-01,EmiCO2Industry,10017.504646854572
DE,1994-07-01,EmiCO2Industry,8414.583748047662
DE,1994-10-01,EmiCO2Industry,10500.94185767711
DE,1995-01-01,EmiCO2Industry,10820.761637512172
DE,1995-04-01,EmiCO2Industry,9543.419487442829
DE,1995-07-01,EmiCO2Industry,8016.416075339178
DE,1995-10-01,EmiCO2Industry,10006.183617282615
DE,1996-01-01,EmiCO2Industry,10963.709708385002
DE,1996-04-01,EmiCO2Industry,9683.620109637312
DE,1996-07-01,EmiCO2Industry,8144.788088654495
DE,1996-10-01,EmiCO2Industry,10145.157853681
DE,1997-01-01,EmiCO2Industry,11556.277118911205
DE,1997-04-01,EmiCO2Industry,10193.662373397196
DE,1997-07-01,EmiCO2Industry,8561.88824773409
DE,1997-10-01,EmiCO2Industry,10685.803320874264
DE,1998-01-01,EmiCO2Industry,13374.102767707556
DE,1998-04-01,EmiCO2Industry,11788.27536817832
DE,1998-07-01,EmiCO2Industry,9889.853063517416
DE,1998-10-01,EmiCO2Industry,12359.126353994776
DE,1999-01-01,EmiCO2Industry,13094.455541097188
DE,1999-04-01,EmiCO2Industry,11543.363064925545
DE,1999-07-01,EmiCO2Industry,9685.941556831196
DE,1999-10-01,EmiCO2Industry,12101.554360073926
DE,2000-01-01,EmiCO2Industry,13273.403564149903
DE,2000-04-01,EmiCO2Industry,11696.77928816518
DE,2000-07-01,EmiCO2Industry,9809.97159934202
DE,2000-10-01,EmiCO2Industry,12264.135701948386
DE,2001-01-01,EmiCO2Industry,12547.80735020702
DE,2001-04-01,EmiCO2Industry,11061.477040868056
DE,2001-07-01,EmiCO2Industry,9280.477058866403
DE,2001-10-01,EmiCO2Industry,11595.914111794
DE,2002-01-01,EmiCO2Industry,12151.74742684632
DE,2002-04-01,EmiCO2Industry,10722.00783364169
DE,2002-07-01,EmiCO2Industry,9004.98775179903
DE,2002-10-01,EmiCO2Industry,11235.96537119369
DE,2003-01-01,EmiCO2Industry,12787.33601046373
DE,2003-04-01,EmiCO2Industry,11280.670888011757
DE,2003-07-01,EmiCO2Industry,9470.508844860757
DE,2003-10-01,EmiCO2Industry,11821.16771105218
DE,2004-01-01,EmiCO2Industry,12921.13080570242
DE,2004-04-01,EmiCO2Industry,11402.347902722864
DE,2004-07-01,EmiCO2Industry,9575.055449335405
DE,2004-10-01,EmiCO2Industry,11946.35927279301
DE,2005-01-01,EmiCO2Industry,12405.229454052122
DE,2005-04-01,EmiCO2Industry,10948.73079751531
DE,2005-07-01,EmiCO2Industry,9197.203980245258
DE,2005-10-01,EmiCO2Industry,11471.26593565518
DE,2006-01-01,EmiCO2Industry,12784.519341296018
DE,2006-04-01,EmiCO2Industry,11282.629293668364
DE,2006-07-01,EmiCO2Industry,9479.305548277336
DE,2006-10-01,EmiCO2Industry,11823.317432022362
DE,2007-01-01,EmiCO2Industry,13129.838510441472
DE,2007-04-01,EmiCO2Industry,11588.057257651855
DE,2007-07-01,EmiCO2Industry,9733.528925004117
DE,2007-10-01,EmiCO2Industry,12140.907798170603
DE,2008-01-01,EmiCO2Industry,12722.94847682163
DE,2008-04-01,EmiCO2Industry,11232.69488888576
DE,2008-07-01,EmiCO2Industry,9438.267721633483
DE,2008-10-01,EmiCO2Industry,11766.74110367601
DE,2009-01-01,EmiCO2Industry,11175.55136299661
DE,2009-04-01,EmiCO2Industry,9877.09997935388
DE,2009-07-01,EmiCO2Industry,8304.674246036178
DE,2009-10-01,EmiCO2Industry,10338.43747606838
DE,2010-01-01,EmiCO2Industry,12202.36401057866
DE,2010-04-01,EmiCO2Industry,10777.88960045597
DE,2010-07-01,EmiCO2Industry,9058.98676087131
DE,2010-10-01,EmiCO2Industry,11286.95667921571
DE,2011-01-01,EmiCO2Industry,12605.79972373807
DE,2011-04-01,EmiCO2Industry,11128.14929888567
DE,2011-07-01,EmiCO2Industry,9349.83660964748
DE,2011-10-01,EmiCO2Industry,11657.934939021021
DE,2012-01-01,EmiCO2Industry,12255.7979549754
DE,2012-04-01,EmiCO2Industry,10825.0021388928
DE,2012-07-01,EmiCO2Industry,9099.02936521565
DE,2012-10-01,EmiCO2Industry,11336.654842114462
DE,2013-01-01,EmiCO2Industry,12051.33324654921
DE,2013-04-01,EmiCO2Industry,10648.945734863431
DE,2013-07-01,EmiCO2Industry,8954.366647721099
DE,2013-10-01,EmiCO2Industry,11149.6549362528
DE,2014-01-01,EmiCO2Industry,12237.0146397902
DE,2014-04-01,EmiCO2Industry,10808.71550996931
DE,2014-07-01,EmiCO2Industry,9088.601419481727
DE,2014-10-01,EmiCO2Industry,11321.47984392715
DE,2015-01-01,EmiCO2Industry,12146.04546779819
DE,2015-04-01,EmiCO2Industry,10731.27277511246
DE,2015-07-01,EmiCO2Industry,9025.28931244631
DE,2015-10-01,EmiCO2Industry,11238.37087611673
DE,2016-01-01,EmiCO2Industry,12279.744827719833
DE,2016-04-01,EmiCO2Industry,10849.618499307153
DE,2016-07-01,EmiCO2Industry,9123.560383956414
DE,2016-10-01,EmiCO2Industry,11361.217656655796
DE,2017-01-01,EmiCO2Industry,12505.008895513723
DE,2017-04-01,EmiCO2Industry,11048.1949288795
DE,2017-07-01,EmiCO2Industry,9289.508222702323
DE,2017-10-01,EmiCO2Industry,11568.94209506204
DE,2018-01-01,EmiCO2Industry,12227.74819378406
DE,2018-04-01,EmiCO2Industry,10806.40022642323
DE,2018-07-01,EmiCO2Industry,9086.89309982793
DE,2018-10-01,EmiCO2Industry,11312.73794560434
DE,2019-01-01,EmiCO2Industry,11916.3629645478
DE,2019-04-01,EmiCO2Industry,10534.743536118707
DE,2019-07-01,EmiCO2Industry,8860.75968336519
DE,2019-10-01,EmiCO2Industry,11025.97005142722
DE,2020-01-01,EmiCO2Industry,11900.692564574209
DE,2020-04-01,EmiCO2Industry,10530.145205835
DE,2020-07-01,EmiCO2Industry,8861.7905186558
DE,2020-10-01,EmiCO2Industry,11014.29630385918
DE,2021-01-01,EmiCO2Industry,12118.19715286677
DE,2021-04-01,EmiCO2Industry,10728.483027359584
DE,2021-07-01,EmiCO2Industry,9031.424207944418
DE,2021-10-01,EmiCO2Industry,11217.34885720656
DE,2022-01-01,EmiCO2Industry,11338.677738162798
DE,2022-04-01,EmiCO2Industry,10032.408482599563
DE,2022-07-01,EmiCO2Industry,8440.635742343658
DE,2022-10-01,EmiCO2Industry,10492.50054203527
DE,1970-01-01,EmiCO2Combustion,312486.16150650295
DE,1970-04-01,EmiCO2Combustion,202782.67191677907
DE,1970-07-01,EmiCO2Combustion,193394.8349287847
DE,1970-10-01,EmiCO2Combustion,278115.90144933667
DE,1971-01-01,EmiCO2Combustion,302475.7950630943
DE,1971-04-01,EmiCO2Combustion,206892.18538433104
DE,1971-07-01,EmiCO2Combustion,197868.52100390592
DE,1971-10-01,EmiCO2Combustion,275603.1904862338
DE,1972-01-01,EmiCO2Combustion,309259.9569506295
DE,1972-04-01,EmiCO2Combustion,212013.4935856972
DE,1972-07-01,EmiCO2Combustion,203045.16044367585
DE,1972-10-01,EmiCO2Combustion,282099.81194086926
DE,1973-01-01,EmiCO2Combustion,334091.02940438315
DE,1973-04-01,EmiCO2Combustion,217784.55209025356
DE,1973-07-01,EmiCO2Combustion,208292.26369686757
DE,1973-10-01,EmiCO2Combustion,297166.59826934454
DE,1974-01-01,EmiCO2Combustion,310076.6359462782
DE,1974-04-01,EmiCO2Combustion,221566.0933469982
DE,1974-07-01,EmiCO2Combustion,211993.28670219888
DE,1974-10-01,EmiCO2Combustion,287499.36516850954
DE,1975-01-01,EmiCO2Combustion,306281.0685967996
DE,1975-04-01,EmiCO2Combustion,203350.042770518
DE,1975-07-01,EmiCO2Combustion,194859.6340769187
DE,1975-10-01,EmiCO2Combustion,274225.36361594376
DE,1976-01-01,EmiCO2Combustion,322019.6663475447
DE,1976-04-01,EmiCO2Combustion,215522.67973529495
DE,1976-07-01,EmiCO2Combustion,207175.462328221
DE,1976-10-01,EmiCO2Combustion,290236.2088119377
DE,1977-01-01,EmiCO2Combustion,305262.20982437936
DE,1977-04-01,EmiCO2Combustion,218595.0497899437
DE,1977-07-01,EmiCO2Combustion,210425.5041206505
DE,1977-10-01,EmiCO2Combustion,284697.3780776033
DE,1978-01-01,EmiCO2Combustion,324843.9192319165
DE,1978-04-01,EmiCO2Combustion,220200.74152562095
DE,1978-07-01,EmiCO2Combustion,212089.6035238916
DE,1978-10-01,EmiCO2Combustion,294572.32403413946
DE,1979-01-01,EmiCO2Combustion,339073.3819397563
DE,1979-04-01,EmiCO2Combustion,230178.02361909044
DE,1979-07-01,EmiCO2Combustion,221826.90161086107
DE,1979-10-01,EmiCO2Combustion,307970.8509002967
DE,1980-01-01,EmiCO2Combustion,320468.3290075908
DE,1980-04-01,EmiCO2Combustion,221272.3325629636
DE,1980-07-01,EmiCO2Combustion,213831.56836071875
DE,1980-10-01,EmiCO2Combustion,292578.4602001212
DE,1981-01-01,EmiCO2Combustion,334599.502818194
DE,1981-04-01,EmiCO2Combustion,209235.86475805787
DE,1981-07-01,EmiCO2Combustion,181796.09602534265
DE,1981-10-01,EmiCO2Combustion,290235.47894533817
DE,1982-01-01,EmiCO2Combustion,331673.6439197859
DE,1982-04-01,EmiCO2Combustion,203528.85134869616
DE,1982-07-01,EmiCO2Combustion,168463.51880750194
DE,1982-10-01,EmiCO2Combustion,270861.1279772738
DE,1983-01-01,EmiCO2Combustion,309508.2031139273
DE,1983-04-01,EmiCO2Combustion,207927.48068959857
DE,1983-07-01,EmiCO2Combustion,179967.2257254091
DE,1983-10-01,EmiCO2Combustion,278676.97245461325
DE,1984-01-01,EmiCO2Combustion,314537.0419473059
DE,1984-04-01,EmiCO2Combustion,219361.48368877455
DE,1984-07-01,EmiCO2Combustion,189026.2447342701
DE,1984-10-01,EmiCO2Combustion,272755.19261327817
DE,1985-01-01,EmiCO2Combustion,337299.8082511774
DE,1985-04-01,EmiCO2Combustion,209007.1505348955
DE,1985-07-01,EmiCO2Combustion,179403.7374938322
DE,1985-10-01,EmiCO2Combustion,278545.4042352007
DE,1986-01-01,EmiCO2Combustion,343736.50195791613
DE,1986-04-01,EmiCO2Combustion,205279.29096220652
DE,1986-07-01,EmiCO2Combustion,182340.33806942997
DE,1986-10-01,EmiCO2Combustion,275603.20928592334
DE,1987-01-01,EmiCO2Combustion,323530.3447797747
DE,1987-04-01,EmiCO2Combustion,218881.63684312731
DE,1987-07-01,EmiCO2Combustion,184924.3353905681
DE,1987-10-01,EmiCO2Combustion,269797.12441366666
DE,1988-01-01,EmiCO2Combustion,318773.3695615012
DE,1988-04-01,EmiCO2Combustion,207930.26530860248
DE,1988-07-01,EmiCO2Combustion,181740.7387055926
DE,1988-10-01,EmiCO2Combustion,281176.07172399724
DE,1989-01-01,EmiCO2Combustion,300273.93209961336
DE,1989-04-01,EmiCO2Combustion,209133.62859040903
DE,1989-07-01,EmiCO2Combustion,180597.4707144024
DE,1989-10-01,EmiCO2Combustion,275792.74759268505
DE,1990-01-01,EmiCO2Combustion,284522.9949812707
DE,1990-04-01,EmiCO2Combustion,203944.5936919079
DE,1990-07-01,EmiCO2Combustion,181753.78221242735
DE,1990-10-01,EmiCO2Combustion,269786.3148838431
DE,1991-01-01,EmiCO2Combustion,291800.61370887957
DE,1991-04-01,EmiCO2Combustion,201289.93226915537
DE,1991-07-01,EmiCO2Combustion,165614.07325742554
DE,1991-10-01,EmiCO2Combustion,258939.53975436155
DE,1992-01-01,EmiCO2Combustion,270405.795162521
DE,1992-04-01,EmiCO2Combustion,186967.1845296869
DE,1992-07-01,EmiCO2Combustion,168442.24745553808
DE,1992-10-01,EmiCO2Combustion,251786.31671788436
DE,1993-01-01,EmiCO2Combustion,276532.12273744715
DE,1993-04-01,EmiCO2Combustion,177456.66851031772
DE,1993-07-01,EmiCO2Combustion,167105.3141484764
DE,1993-10-01,EmiCO2Combustion,250727.80104078283
DE,1994-01-01,EmiCO2Combustion,278468.1707035217
DE,1994-04-01,EmiCO2Combustion,181726.6418197649
DE,1994-07-01,EmiCO2Combustion,158693.10349446585
DE,1994-10-01,EmiCO2Combustion,240218.46800970417
DE,1995-01-01,EmiCO2Combustion,268756.3786821292
DE,1995-04-01,EmiCO2Combustion,183137.63451533797
DE,1995-07-01,EmiCO2Combustion,161263.68960341509
DE,1995-10-01,EmiCO2Combustion,243439.21272569595
DE,1996-01-01,EmiCO2Combustion,291249.58276963874
DE,1996-04-01,EmiCO2Combustion,183457.11769715304
DE,1996-07-01,EmiCO2Combustion,165846.61307708386
DE,1996-10-01,EmiCO2Combustion,246508.79160252347
DE,1997-01-01,EmiCO2Combustion,271336.5426436181
DE,1997-04-01,EmiCO2Combustion,182706.9984638147
DE,1997-07-01,EmiCO2Combustion,157707.19019145874
DE,1997-10-01,EmiCO2Combustion,243168.9753294485
DE,1998-01-01,EmiCO2Combustion,265792.26467219274
DE,1998-04-01,EmiCO2Combustion,174178.92761863742
DE,1998-07-01,EmiCO2Combustion,158776.0930421021
DE,1998-10-01,EmiCO2Combustion,248196.57582847629
DE,1999-01-01,EmiCO2Combustion,262770.8602033653
DE,1999-04-01,EmiCO2Combustion,170465.99881381635
DE,1999-07-01,EmiCO2Combustion,148045.70623992244
DE,1999-10-01,EmiCO2Combustion,233676.7983168011
DE,2000-01-01,EmiCO2Combustion,264843.0534921962
DE,2000-04-01,EmiCO2Combustion,166247.1872662814
DE,2000-07-01,EmiCO2Combustion,153942.65526632703
DE,2000-10-01,EmiCO2Combustion,227278.7098441349
DE,2001-01-01,EmiCO2Combustion,255888.6509219956
DE,2001-04-01,EmiCO2Combustion,179642.6228618811
DE,2001-07-01,EmiCO2Combustion,156114.81437503637
DE,2001-10-01,EmiCO2Combustion,239833.1275361663
DE,2002-01-01,EmiCO2Combustion,245034.08263281797
DE,2002-04-01,EmiCO2Combustion,177042.97588829976
DE,2002-07-01,EmiCO2Combustion,158475.2116484435
DE,2002-10-01,EmiCO2Combustion,237349.6297235165
DE,2003-01-01,EmiCO2Combustion,254810.87215020583
DE,2003-04-01,EmiCO2Combustion,174407.744699598
DE,2003-07-01,EmiCO2Combustion,160197.11917811545
DE,2003-10-01,EmiCO2Combustion,231272.6633918996
DE,2004-01-01,EmiCO2Combustion,253685.05491641047
DE,2004-04-01,EmiCO2Combustion,173229.69562873337
DE,2004-07-01,EmiCO2Combustion,153776.7345284901
DE,2004-10-01,EmiCO2Combustion,223933.4411026866
DE,2005-01-01,EmiCO2Combustion,245456.23772599635
DE,2005-04-01,EmiCO2Combustion,170584.00699761763
DE,2005-07-01,EmiCO2Combustion,149672.6654106538
DE,2005-10-01,EmiCO2Combustion,221218.6638289833
DE,2006-01-01,EmiCO2Combustion,269706.3332563934
DE,2006-04-01,EmiCO2Combustion,167701.8924139762
DE,2006-07-01,EmiCO2Combustion,149770.20854728165
DE,2006-10-01,EmiCO2Combustion,211503.42686635695
DE,2007-01-01,EmiCO2Combustion,226984.96536198727
DE,2007-04-01,EmiCO2Combustion,161312.5518518468
DE,2007-07-01,EmiCO2Combustion,154459.60291668822
DE,2007-10-01,EmiCO2Combustion,224262.32780929317
DE,2008-01-01,EmiCO2Combustion,238581.71529650103
DE,2008-04-01,EmiCO2Combustion,162740.4617405133
DE,2008-07-01,EmiCO2Combustion,152824.1693625995
DE,2008-10-01,EmiCO2Combustion,219746.8354383496
DE,2009-01-01,EmiCO2Combustion,235852.83274971816
DE,2009-04-01,EmiCO2Combustion,145183.60955138615
DE,2009-07-01,EmiCO2Combustion,135785.8358804319
DE,2009-10-01,EmiCO2Combustion,203359.8794820202
DE,2010-01-01,EmiCO2Combustion,230577.76692776987
DE,2010-04-01,EmiCO2Combustion,163125.384923882
DE,2010-07-01,EmiCO2Combustion,147360.18204802283
DE,2010-10-01,EmiCO2Combustion,217785.05234604585
DE,2011-01-01,EmiCO2Combustion,228508.46167979224
DE,2011-04-01,EmiCO2Combustion,159045.4258029741
DE,2011-07-01,EmiCO2Combustion,140812.31173620923
DE,2011-10-01,EmiCO2Combustion,202875.3896555406
DE,2012-01-01,EmiCO2Combustion,224553.8912976798
DE,2012-04-01,EmiCO2Combustion,162511.71575331464
DE,2012-07-01,EmiCO2Combustion,145995.62250027971
DE,2012-10-01,EmiCO2Combustion,212080.36954459143
DE,2013-01-01,EmiCO2Combustion,242689.59066178653
DE,2013-04-01,EmiCO2Combustion,165342.16279269423
DE,2013-07-01,EmiCO2Combustion,148949.71472406783
DE,2013-10-01,EmiCO2Combustion,206670.33808304023
DE,2014-01-01,EmiCO2Combustion,214201.13446123785
DE,2014-04-01,EmiCO2Combustion,158429.94734353764
DE,2014-07-01,EmiCO2Combustion,144875.06792371196
DE,2014-10-01,EmiCO2Combustion,205605.57498413813
DE,2015-01-01,EmiCO2Combustion,222189.81059674785
DE,2015-04-01,EmiCO2Combustion,157798.72588784265
DE,2015-07-01,EmiCO2Combustion,148715.12554411934
DE,2015-10-01,EmiCO2Combustion,200980.74078398923
DE,2016-01-01,EmiCO2Combustion,216399.24828786368
DE,2016-04-01,EmiCO2Combustion,159740.72633242828
DE,2016-07-01,EmiCO2Combustion,144759.70970174606
DE,2016-10-01,EmiCO2Combustion,213587.47257842103
DE,2017-01-01,EmiCO2Combustion,216675.22427308315
DE,2017-04-01,EmiCO2Combustion,161174.25207823588
DE,2017-07-01,EmiCO2Combustion,146255.0094932346
DE,2017-10-01,EmiCO2Combustion,194689.6871375205
DE,2018-01-01,EmiCO2Combustion,212793.54584352815
DE,2018-04-01,EmiCO2Combustion,153951.09502770152
DE,2018-07-01,EmiCO2Combustion,136056.28483919747
DE,2018-10-01,EmiCO2Combustion,191739.2259895796
DE,2019-01-01,EmiCO2Combustion,197253.8319095581
DE,2019-04-01,EmiCO2Combustion,143213.81946439945
DE,2019-07-01,EmiCO2Combustion,126915.84302708936
DE,2019-10-01,EmiCO2Combustion,178020.02011473346
DE,2020-01-01,EmiCO2Combustion,182847.48602491795
DE,2020-04-01,EmiCO2Combustion,129676.79575391416
DE,2020-07-01,EmiCO2Combustion,113299.76853992992
DE,2020-10-01,EmiCO2Combustion,164166.49352154828
DE,2021-01-01,EmiCO2Combustion,194227.513198317
DE,2021-04-01,EmiCO2Combustion,139622.1141512793
DE,2021-07-01,EmiCO2Combustion,123432.75438128917
DE,2021-10-01,EmiCO2Combustion,174113.8016917643
DE,2022-01-01,EmiCO2Combustion,189362.0214234384
DE,2022-04-01,EmiCO2Combustion,141356.42729419068
DE,2022-07-01,EmiCO2Combustion,128704.13981128244
DE,2022-10-01,EmiCO2Combustion,169347.06571163808
DE,1970-01-01,EmiN2OTotal,63.347152234102
DE,1970-04-01,EmiN2OTotal,61.829867212209
DE,1970-07-01,EmiN2OTotal,61.770921426605
DE,1970-10-01,EmiN2OTotal,62.986323308576
DE,1971-01-01,EmiN2OTotal,63.100708451508
DE,1971-04-01,EmiN2OTotal,61.756797289672
DE,1971-07-01,EmiN2OTotal,61.701835889498994
DE,1971-10-01,EmiN2OTotal,62.829000698814
DE,1972-01-01,EmiN2OTotal,62.926102944359
DE,1972-04-01,EmiN2OTotal,61.572290452798995
DE,1972-07-01,EmiN2OTotal,61.521480242553
DE,1972-10-01,EmiN2OTotal,62.652611495809
DE,1973-01-01,EmiN2OTotal,65.702137887349
DE,1973-04-01,EmiN2OTotal,64.165499701771
DE,1973-07-01,EmiN2OTotal,64.11304229693
DE,1973-10-01,EmiN2OTotal,65.32717626310699
DE,1974-01-01,EmiN2OTotal,65.110182363002
DE,1974-04-01,EmiN2OTotal,63.933074861576
DE,1974-07-01,EmiN2OTotal,63.880703338134
DE,1974-10-01,EmiN2OTotal,64.928256285253
DE,1975-01-01,EmiN2OTotal,63.952365418221
DE,1975-04-01,EmiN2OTotal,62.538083100742
DE,1975-07-01,EmiN2OTotal,62.493851939349
DE,1975-10-01,EmiN2OTotal,63.619725015037
DE,1976-01-01,EmiN2OTotal,64.491642409289
DE,1976-04-01,EmiN2OTotal,63.125021198138995
DE,1976-07-01,EmiN2OTotal,63.082531368874
DE,1976-10-01,EmiN2OTotal,64.20657334232399
DE,1977-01-01,EmiN2OTotal,63.031158007626
DE,1977-04-01,EmiN2OTotal,61.91692646959101
DE,1977-07-01,EmiN2OTotal,61.875213594817
DE,1977-10-01,EmiN2OTotal,62.88396049759
DE,1978-01-01,EmiN2OTotal,64.80731125638201
DE,1978-04-01,EmiN2OTotal,63.577226260848
DE,1978-07-01,EmiN2OTotal,63.53465388214801
DE,1978-10-01,EmiN2OTotal,64.59256779645
DE,1979-01-01,EmiN2OTotal,66.059631207448
DE,1979-04-01,EmiN2OTotal,64.721378894084
DE,1979-07-01,EmiN2OTotal,64.679086611793
DE,1979-10-01,EmiN2OTotal,65.800788583137
DE,1980-01-01,EmiN2OTotal,64.909045619885
DE,1980-04-01,EmiN2OTotal,63.386904651465
DE,1980-07-01,EmiN2OTotal,63.355195423922
DE,1980-10-01,EmiN2OTotal,64.636798630975
DE,1981-01-01,EmiN2OTotal,64.462854160848
DE,1981-04-01,EmiN2OTotal,62.213961997173
DE,1981-07-01,EmiN2OTotal,61.73821230486401
DE,1981-10-01,EmiN2OTotal,63.766126311684
DE,1982-01-01,EmiN2OTotal,62.259284304273
DE,1982-04-01,EmiN2OTotal,59.929820550072
DE,1982-07-01,EmiN2OTotal,59.268929383574005
DE,1982-10-01,EmiN2OTotal,61.210060744977
DE,1983-01-01,EmiN2OTotal,63.511717681329
DE,1983-04-01,EmiN2OTotal,61.557735890765
DE,1983-07-01,EmiN2OTotal,61.050685221524
DE,1983-10-01,EmiN2OTotal,63.00900354682
DE,1984-01-01,EmiN2OTotal,65.29281876617401
DE,1984-04-01,EmiN2OTotal,63.524060708156
DE,1984-07-01,EmiN2OTotal,62.97141762500899
DE,1984-10-01,EmiN2OTotal,64.564487188565
DE,1985-01-01,EmiN2OTotal,62.622518634642
DE,1985-04-01,EmiN2OTotal,60.24873480856501
DE,1985-07-01,EmiN2OTotal,59.730906321572
DE,1985-10-01,EmiN2OTotal,61.58700491189301
DE,1986-01-01,EmiN2OTotal,61.001476091166
DE,1986-04-01,EmiN2OTotal,58.54028139997
DE,1986-07-01,EmiN2OTotal,58.16302403323
DE,1986-10-01,EmiN2OTotal,59.835805036297
DE,1987-01-01,EmiN2OTotal,61.753943829096
DE,1987-04-01,EmiN2OTotal,59.864686563797
DE,1987-07-01,EmiN2OTotal,59.261898175138995
DE,1987-10-01,EmiN2OTotal,60.815978796907
DE,1988-01-01,EmiN2OTotal,61.451482300877
DE,1988-04-01,EmiN2OTotal,59.532924959905
DE,1988-07-01,EmiN2OTotal,59.071676010207
DE,1988-10-01,EmiN2OTotal,60.935922161857
DE,1989-01-01,EmiN2OTotal,63.7732462977
DE,1989-04-01,EmiN2OTotal,61.879250727493
DE,1989-07-01,EmiN2OTotal,61.328149797761
DE,1989-10-01,EmiN2OTotal,63.363447255408005
DE,1990-01-01,EmiN2OTotal,60.062103795694
DE,1990-04-01,EmiN2OTotal,58.39797810328
DE,1990-07-01,EmiN2OTotal,58.001777207696
DE,1990-10-01,EmiN2OTotal,59.835959213718
DE,1991-01-01,EmiN2OTotal,61.631386777416
DE,1991-04-01,EmiN2OTotal,59.914573476931
DE,1991-07-01,EmiN2OTotal,59.246658069317
DE,1991-10-01,EmiN2OTotal,61.085023249072
DE,1992-01-01,EmiN2OTotal,59.19219300579999
DE,1992-04-01,EmiN2OTotal,57.41578599807
DE,1992-07-01,EmiN2OTotal,57.102365727587
DE,1992-10-01,EmiN2OTotal,58.842789524238995
DE,1993-01-01,EmiN2OTotal,56.278258949236
DE,1993-04-01,EmiN2OTotal,54.61281735368
DE,1993-07-01,EmiN2OTotal,54.49723148793
DE,1993-10-01,EmiN2OTotal,55.953812757235
DE,1994-01-01,EmiN2OTotal,59.908765508783006
DE,1994-04-01,EmiN2OTotal,58.160345831499
DE,1994-07-01,EmiN2OTotal,57.801677129553
DE,1994-10-01,EmiN2OTotal,59.287264367605005
DE,1995-01-01,EmiN2OTotal,56.617546669996
DE,1995-04-01,EmiN2OTotal,55.152184640668
DE,1995-07-01,EmiN2OTotal,54.829302606847
DE,1995-10-01,EmiN2OTotal,56.272715978295
DE,1996-01-01,EmiN2OTotal,58.51016022211
DE,1996-04-01,EmiN2OTotal,56.789672493312
DE,1996-07-01,EmiN2OTotal,56.561019632812005
DE,1996-10-01,EmiN2OTotal,57.87854604769499
DE,1997-01-01,EmiN2OTotal,55.234998357785
DE,1997-04-01,EmiN2OTotal,53.762275692364
DE,1997-07-01,EmiN2OTotal,53.366164124068
DE,1997-10-01,EmiN2OTotal,54.86744664509099
DE,1998-01-01,EmiN2OTotal,41.221452301492
DE,1998-04-01,EmiN2OTotal,39.653153993897
DE,1998-07-01,EmiN2OTotal,39.428681243376
DE,1998-10-01,EmiN2OTotal,41.05667254169
DE,1999-01-01,EmiN2OTotal,39.081164196325
DE,1999-04-01,EmiN2OTotal,37.911433261404
DE,1999-07-01,EmiN2OTotal,37.748805929495
DE,1999-10-01,EmiN2OTotal,38.724611648753
DE,2000-01-01,EmiN2OTotal,38.445915220107
DE,2000-04-01,EmiN2OTotal,37.203153338395
DE,2000-07-01,EmiN2OTotal,37.130155369331
DE,2000-10-01,EmiN2OTotal,38.00430549213
DE,2001-01-01,EmiN2OTotal,37.064783994527005
DE,2001-04-01,EmiN2OTotal,36.168918375218
DE,2001-07-01,EmiN2OTotal,35.942374692885
DE,2001-10-01,EmiN2OTotal,37.006237571314
DE,2002-01-01,EmiN2OTotal,36.568100062963
DE,2002-04-01,EmiN2OTotal,35.89434982415
DE,2002-07-01,EmiN2OTotal,35.734987544155004
DE,2002-10-01,EmiN2OTotal,36.587857922627
DE,2003-01-01,EmiN2OTotal,36.457401585277
DE,2003-04-01,EmiN2OTotal,35.484258392823
DE,2003-07-01,EmiN2OTotal,35.373222782088
DE,2003-10-01,EmiN2OTotal,36.21863791309
DE,2004-01-01,EmiN2OTotal,36.50971282866
DE,2004-04-01,EmiN2OTotal,35.435974746356
DE,2004-07-01,EmiN2OTotal,35.247692010722005
DE,2004-10-01,EmiN2OTotal,36.12989718784099
DE,2005-01-01,EmiN2OTotal,36.215492130114995
DE,2005-04-01,EmiN2OTotal,35.181676478422
DE,2005-07-01,EmiN2OTotal,34.960513628200005
DE,2005-10-01,EmiN2OTotal,35.905251516368
DE,2006-01-01,EmiN2OTotal,35.70268826112
DE,2006-04-01,EmiN2OTotal,34.342186775396
DE,2006-07-01,EmiN2OTotal,34.176573820179
DE,2006-10-01,EmiN2OTotal,34.990391497569
DE,2007-01-01,EmiN2OTotal,35.675995022340004
DE,2007-04-01,EmiN2OTotal,34.652858242864
DE,2007-07-01,EmiN2OTotal,34.596808163429
DE,2007-10-01,EmiN2OTotal,35.65045231615
DE,2008-01-01,EmiN2OTotal,34.549155204326
DE,2008-04-01,EmiN2OTotal,33.483978799058
DE,2008-07-01,EmiN2OTotal,33.370253282252
DE,2008-10-01,EmiN2OTotal,34.330500453358
DE,2009-01-01,EmiN2OTotal,34.261052166912
DE,2009-04-01,EmiN2OTotal,32.862135085297
DE,2009-07-01,EmiN2OTotal,32.783441864158
DE,2009-10-01,EmiN2OTotal,33.797162600237
DE,2010-01-01,EmiN2OTotal,34.310653437792
DE,2010-04-01,EmiN2OTotal,33.265246290958004
DE,2010-07-01,EmiN2OTotal,33.061597311834
DE,2010-10-01,EmiN2OTotal,34.181176969216
DE,2011-01-01,EmiN2OTotal,33.524843499557
DE,2011-04-01,EmiN2OTotal,32.44924812928
DE,2011-07-01,EmiN2OTotal,32.161328571344
DE,2011-10-01,EmiN2OTotal,33.138500879373
DE,2012-01-01,EmiN2OTotal,33.669623939372
DE,2012-04-01,EmiN2OTotal,32.696349356502
DE,2012-07-01,EmiN2OTotal,32.459836735732
DE,2012-10-01,EmiN2OTotal,33.544303122343
DE,2013-01-01,EmiN2OTotal,34.519400113375
DE,2013-04-01,EmiN2OTotal,33.245493570057
DE,2013-07-01,EmiN2OTotal,33.019668582139005
DE,2013-10-01,EmiN2OTotal,33.971996978899
DE,2014-01-01,EmiN2OTotal,34.896107590432
DE,2014-04-01,EmiN2OTotal,33.997255403802
DE,2014-07-01,EmiN2OTotal,33.825206379366
DE,2014-10-01,EmiN2OTotal,34.852051184478
DE,2015-01-01,EmiN2OTotal,34.294726563773
DE,2015-04-01,EmiN2OTotal,33.218587840914
DE,2015-07-01,EmiN2OTotal,33.134450408781
DE,2015-10-01,EmiN2OTotal,34.016805766222
DE,2016-01-01,EmiN2OTotal,33.647933161836
DE,2016-04-01,EmiN2OTotal,32.93445515672
DE,2016-07-01,EmiN2OTotal,32.732847781136
DE,2016-10-01,EmiN2OTotal,33.682782842116
DE,2017-01-01,EmiN2OTotal,32.682621326090995
DE,2017-04-01,EmiN2OTotal,31.951036766978
DE,2017-07-01,EmiN2OTotal,31.758425346158
DE,2017-10-01,EmiN2OTotal,32.426294323086
DE,2018-01-01,EmiN2OTotal,32.114415540332
DE,2018-04-01,EmiN2OTotal,30.755550440603997
DE,2018-07-01,EmiN2OTotal,30.352282039413
DE,2018-10-01,EmiN2OTotal,31.711787016049
DE,2019-01-01,EmiN2OTotal,32.095832728822
DE,2019-04-01,EmiN2OTotal,30.808204025159
DE,2019-07-01,EmiN2OTotal,30.427698052299
DE,2019-10-01,EmiN2OTotal,31.710478935
DE,2020-01-01,EmiN2OTotal,31.135984156101003
DE,2020-04-01,EmiN2OTotal,29.8836075213932
DE,2020-07-01,EmiN2OTotal,29.5027792421236
DE,2020-10-01,EmiN2OTotal,30.773699122342
DE,2021-01-01,EmiN2OTotal,30.963892738631003
DE,2021-04-01,EmiN2OTotal,29.633822140803403
DE,2021-07-01,EmiN2OTotal,29.246043298333
DE,2021-10-01,EmiN2OTotal,30.5474622940926
DE,2022-01-01,EmiN2OTotal,30.1607121072732
DE,2022-04-01,EmiN2OTotal,28.8611836813238
DE,2022-07-01,EmiN2OTotal,28.513108417938497
DE,2022-10-01,EmiN2OTotal,29.6971755436745
